-- MySQL dump 10.15  Distrib 10.0.36-MariaDB, for debian-linux-gnu (x86_64)
--
-- Host: localhost    Database: lutece_forms_demo
-- ------------------------------------------------------
-- Server version	10.0.36-MariaDB-0ubuntu0.16.04.1

/*!40101 SET @OLD_CHARACTER_SET_CLIENT=@@CHARACTER_SET_CLIENT */;
/*!40101 SET @OLD_CHARACTER_SET_RESULTS=@@CHARACTER_SET_RESULTS */;
/*!40101 SET @OLD_COLLATION_CONNECTION=@@COLLATION_CONNECTION */;
/*!40101 SET NAMES utf8 */;
/*!40103 SET @OLD_TIME_ZONE=@@TIME_ZONE */;
/*!40103 SET TIME_ZONE='+00:00' */;
/*!40014 SET @OLD_UNIQUE_CHECKS=@@UNIQUE_CHECKS, UNIQUE_CHECKS=0 */;
/*!40014 SET @OLD_FOREIGN_KEY_CHECKS=@@FOREIGN_KEY_CHECKS, FOREIGN_KEY_CHECKS=0 */;
/*!40101 SET @OLD_SQL_MODE=@@SQL_MODE, SQL_MODE='NO_AUTO_VALUE_ON_ZERO' */;
/*!40111 SET @OLD_SQL_NOTES=@@SQL_NOTES, SQL_NOTES=0 */;

--
-- Table structure for table `childpages_portlet`
--

CREATE USER 'admin'@'%' IDENTIFIED BY 'motdepasse';
GRANT ALL PRIVILEGES ON *.* TO 'admin'@'%';

DROP DATABASE IF EXISTS lutece;
CREATE DATABASE lutece;

USE lutece;

DROP TABLE IF EXISTS `childpages_portlet`;
/*!40101 SET @saved_cs_client     = @@character_set_client */;
/*!40101 SET character_set_client = utf8 */;
CREATE TABLE `childpages_portlet` (
  `id_portlet` int(11) NOT NULL DEFAULT '0',
  `id_child_page` int(11) NOT NULL DEFAULT '0',
  PRIMARY KEY (`id_portlet`,`id_child_page`)
) ENGINE=MyISAM DEFAULT CHARSET=utf8 COLLATE=utf8_unicode_ci;
/*!40101 SET character_set_client = @saved_cs_client */;

--
-- Dumping data for table `childpages_portlet`
--

LOCK TABLES `childpages_portlet` WRITE;
/*!40000 ALTER TABLE `childpages_portlet` DISABLE KEYS */;
INSERT INTO `childpages_portlet` VALUES (83,1),(85,1),(87,3),(88,1),(89,1);
/*!40000 ALTER TABLE `childpages_portlet` ENABLE KEYS */;
UNLOCK TABLES;

--
-- Table structure for table `contact`
--

DROP TABLE IF EXISTS `contact`;
/*!40101 SET @saved_cs_client     = @@character_set_client */;
/*!40101 SET character_set_client = utf8 */;
CREATE TABLE `contact` (
  `id_contact` int(11) NOT NULL DEFAULT '0',
  `description` varchar(50) COLLATE utf8_unicode_ci NOT NULL DEFAULT '',
  `email` varchar(100) COLLATE utf8_unicode_ci NOT NULL DEFAULT '',
  `workgroup_key` varchar(50) COLLATE utf8_unicode_ci NOT NULL DEFAULT 'all',
  `hits` int(11) NOT NULL DEFAULT '0',
  PRIMARY KEY (`id_contact`)
) ENGINE=MyISAM DEFAULT CHARSET=utf8 COLLATE=utf8_unicode_ci;
/*!40101 SET character_set_client = @saved_cs_client */;

--
-- Dumping data for table `contact`
--

LOCK TABLES `contact` WRITE;
/*!40000 ALTER TABLE `contact` DISABLE KEYS */;
INSERT INTO `contact` VALUES (1,'Contact 1','adresse_email_du_contact_1@domaine.com','all',0),(2,'Contact 2','adresse_email_du_contact_2@domaine.com','all',0);
/*!40000 ALTER TABLE `contact` ENABLE KEYS */;
UNLOCK TABLES;

--
-- Table structure for table `contact_list`
--

DROP TABLE IF EXISTS `contact_list`;
/*!40101 SET @saved_cs_client     = @@character_set_client */;
/*!40101 SET character_set_client = utf8 */;
CREATE TABLE `contact_list` (
  `id_contact_list` int(11) NOT NULL DEFAULT '0',
  `label_contact_list` varchar(50) COLLATE utf8_unicode_ci NOT NULL DEFAULT '',
  `description_contact_list` varchar(255) COLLATE utf8_unicode_ci NOT NULL DEFAULT '',
  `workgroup_key` varchar(50) COLLATE utf8_unicode_ci NOT NULL DEFAULT 'all',
  `role` varchar(50) COLLATE utf8_unicode_ci NOT NULL DEFAULT 'none',
  `contact_list_order` int(11) NOT NULL DEFAULT '0',
  `is_tos_active` smallint(6) NOT NULL DEFAULT '0',
  `tos_message` mediumtext COLLATE utf8_unicode_ci NOT NULL,
  PRIMARY KEY (`id_contact_list`)
) ENGINE=MyISAM DEFAULT CHARSET=utf8 COLLATE=utf8_unicode_ci;
/*!40101 SET character_set_client = @saved_cs_client */;

--
-- Dumping data for table `contact_list`
--

LOCK TABLES `contact_list` WRITE;
/*!40000 ALTER TABLE `contact_list` DISABLE KEYS */;
INSERT INTO `contact_list` VALUES (1,'Liste de contacts','Ceci est une liste de contacts','all','none',1,0,'');
/*!40000 ALTER TABLE `contact_list` ENABLE KEYS */;
UNLOCK TABLES;

--
-- Table structure for table `contact_list_contact`
--

DROP TABLE IF EXISTS `contact_list_contact`;
/*!40101 SET @saved_cs_client     = @@character_set_client */;
/*!40101 SET character_set_client = utf8 */;
CREATE TABLE `contact_list_contact` (
  `id_contact_list` int(11) NOT NULL DEFAULT '0',
  `id_contact` int(11) NOT NULL DEFAULT '0',
  `contact_order` int(11) NOT NULL DEFAULT '0',
  `hits` int(11) NOT NULL DEFAULT '0',
  PRIMARY KEY (`id_contact_list`,`id_contact`,`contact_order`)
) ENGINE=MyISAM DEFAULT CHARSET=utf8 COLLATE=utf8_unicode_ci;
/*!40101 SET character_set_client = @saved_cs_client */;

--
-- Dumping data for table `contact_list_contact`
--

LOCK TABLES `contact_list_contact` WRITE;
/*!40000 ALTER TABLE `contact_list_contact` DISABLE KEYS */;
INSERT INTO `contact_list_contact` VALUES (1,1,1,0),(1,2,2,0);
/*!40000 ALTER TABLE `contact_list_contact` ENABLE KEYS */;
UNLOCK TABLES;

--
-- Table structure for table `core_admin_dashboard`
--

DROP TABLE IF EXISTS `core_admin_dashboard`;
/*!40101 SET @saved_cs_client     = @@character_set_client */;
/*!40101 SET character_set_client = utf8 */;
CREATE TABLE `core_admin_dashboard` (
  `dashboard_name` varchar(100) COLLATE utf8_unicode_ci NOT NULL,
  `dashboard_column` int(11) NOT NULL,
  `dashboard_order` int(11) NOT NULL,
  PRIMARY KEY (`dashboard_name`)
) ENGINE=MyISAM DEFAULT CHARSET=utf8 COLLATE=utf8_unicode_ci;
/*!40101 SET character_set_client = @saved_cs_client */;

--
-- Dumping data for table `core_admin_dashboard`
--

LOCK TABLES `core_admin_dashboard` WRITE;
/*!40000 ALTER TABLE `core_admin_dashboard` DISABLE KEYS */;
INSERT INTO `core_admin_dashboard` VALUES ('usersAdminDashboardComponent',1,1),('searchAdminDashboardComponent',1,2),('myluteceAuthenticationFilterAdminDashboardComponent',1,3),('databaseAdminDashboardComponent',1,1),('workflowAdminDashboardComponent',1,1);
/*!40000 ALTER TABLE `core_admin_dashboard` ENABLE KEYS */;
UNLOCK TABLES;

--
-- Table structure for table `core_admin_mailinglist`
--

DROP TABLE IF EXISTS `core_admin_mailinglist`;
/*!40101 SET @saved_cs_client     = @@character_set_client */;
/*!40101 SET character_set_client = utf8 */;
CREATE TABLE `core_admin_mailinglist` (
  `id_mailinglist` int(11) NOT NULL DEFAULT '0',
  `name` varchar(100) COLLATE utf8_unicode_ci NOT NULL,
  `description` varchar(255) COLLATE utf8_unicode_ci NOT NULL,
  `workgroup` varchar(50) COLLATE utf8_unicode_ci NOT NULL,
  PRIMARY KEY (`id_mailinglist`)
) ENGINE=MyISAM DEFAULT CHARSET=utf8 COLLATE=utf8_unicode_ci;
/*!40101 SET character_set_client = @saved_cs_client */;

--
-- Dumping data for table `core_admin_mailinglist`
--

LOCK TABLES `core_admin_mailinglist` WRITE;
/*!40000 ALTER TABLE `core_admin_mailinglist` DISABLE KEYS */;
INSERT INTO `core_admin_mailinglist` VALUES (1,'admin','admin','all');
/*!40000 ALTER TABLE `core_admin_mailinglist` ENABLE KEYS */;
UNLOCK TABLES;

--
-- Table structure for table `core_admin_mailinglist_filter`
--

DROP TABLE IF EXISTS `core_admin_mailinglist_filter`;
/*!40101 SET @saved_cs_client     = @@character_set_client */;
/*!40101 SET character_set_client = utf8 */;
CREATE TABLE `core_admin_mailinglist_filter` (
  `id_mailinglist` int(11) NOT NULL DEFAULT '0',
  `workgroup` varchar(50) COLLATE utf8_unicode_ci NOT NULL,
  `role` varchar(50) COLLATE utf8_unicode_ci NOT NULL,
  PRIMARY KEY (`id_mailinglist`,`workgroup`,`role`)
) ENGINE=MyISAM DEFAULT CHARSET=utf8 COLLATE=utf8_unicode_ci;
/*!40101 SET character_set_client = @saved_cs_client */;

--
-- Dumping data for table `core_admin_mailinglist_filter`
--

LOCK TABLES `core_admin_mailinglist_filter` WRITE;
/*!40000 ALTER TABLE `core_admin_mailinglist_filter` DISABLE KEYS */;
INSERT INTO `core_admin_mailinglist_filter` VALUES (1,'all','super_admin');
/*!40000 ALTER TABLE `core_admin_mailinglist_filter` ENABLE KEYS */;
UNLOCK TABLES;

--
-- Table structure for table `core_admin_right`
--

DROP TABLE IF EXISTS `core_admin_right`;
/*!40101 SET @saved_cs_client     = @@character_set_client */;
/*!40101 SET character_set_client = utf8 */;
CREATE TABLE `core_admin_right` (
  `id_right` varchar(255) COLLATE utf8_unicode_ci NOT NULL DEFAULT '',
  `name` varchar(255) COLLATE utf8_unicode_ci DEFAULT NULL,
  `level_right` smallint(6) DEFAULT NULL,
  `admin_url` varchar(255) COLLATE utf8_unicode_ci DEFAULT NULL,
  `description` varchar(255) COLLATE utf8_unicode_ci DEFAULT NULL,
  `is_updatable` int(11) NOT NULL DEFAULT '0',
  `plugin_name` varchar(50) COLLATE utf8_unicode_ci DEFAULT NULL,
  `id_feature_group` varchar(50) COLLATE utf8_unicode_ci DEFAULT NULL,
  `icon_url` varchar(255) COLLATE utf8_unicode_ci DEFAULT NULL,
  `documentation_url` varchar(255) COLLATE utf8_unicode_ci DEFAULT NULL,
  `id_order` int(11) DEFAULT NULL,
  `is_external_feature` smallint(6) DEFAULT '0',
  PRIMARY KEY (`id_right`),
  KEY `index_right` (`level_right`,`admin_url`)
) ENGINE=MyISAM DEFAULT CHARSET=utf8 COLLATE=utf8_unicode_ci;
/*!40101 SET character_set_client = @saved_cs_client */;

--
-- Dumping data for table `core_admin_right`
--

LOCK TABLES `core_admin_right` WRITE;
/*!40000 ALTER TABLE `core_admin_right` DISABLE KEYS */;
INSERT INTO `core_admin_right` VALUES ('CORE_ADMIN_SITE','portal.site.adminFeature.admin_site.name',2,'jsp/admin/site/AdminSite.jsp','portal.site.adminFeature.admin_site.description',1,NULL,'SITE','images/admin/skin/features/admin_site.png','jsp/admin/documentation/AdminDocumentation.jsp?doc=admin-site',1,0),('CORE_CACHE_MANAGEMENT','portal.system.adminFeature.cache_management.name',0,'jsp/admin/system/ManageCaches.jsp','portal.system.adminFeature.cache_management.description',1,'','SYSTEM','images/admin/skin/features/manage_caches.png',NULL,0,0),('CORE_SEARCH_INDEXATION','portal.search.adminFeature.indexer.name',0,'jsp/admin/search/ManageSearchIndexation.jsp','portal.search.adminFeature.indexer.description',0,'','SYSTEM',NULL,NULL,1,0),('CORE_SEARCH_MANAGEMENT','portal.search.adminFeature.search_management.name',0,'jsp/admin/search/ManageSearch.jsp','portal.search.adminFeature.search_management.description',0,'','SYSTEM',NULL,NULL,2,0),('CORE_LOGS_VISUALISATION','portal.system.adminFeature.logs_visualisation.name',0,'jsp/admin/system/ManageFilesSystem.jsp','portal.system.adminFeature.logs_visualisation.description',1,'','SYSTEM','images/admin/skin/features/view_logs.png',NULL,3,0),('CORE_MODES_MANAGEMENT','portal.style.adminFeature.modes_management.name',0,'jsp/admin/style/ManageModes.jsp','portal.style.adminFeature.modes_management.description',1,NULL,'STYLE','images/admin/skin/features/manage_modes.png',NULL,1,0),('CORE_PAGE_TEMPLATE_MANAGEMENT','portal.style.adminFeature.page_template_management.name',0,'jsp/admin/style/ManagePageTemplates.jsp','portal.style.adminFeature.page_template_management.description',0,NULL,'STYLE','images/admin/skin/features/manage_page_templates.png',NULL,2,0),('CORE_PLUGINS_MANAGEMENT','portal.system.adminFeature.plugins_management.name',0,'jsp/admin/system/ManagePlugins.jsp','portal.system.adminFeature.plugins_management.description',1,'','SYSTEM','images/admin/skin/features/manage_plugins.png',NULL,4,0),('CORE_PROPERTIES_MANAGEMENT','portal.site.adminFeature.properties_management.name',2,'jsp/admin/ManageProperties.jsp','portal.site.adminFeature.properties_management.description',0,NULL,'SITE',NULL,'jsp/admin/documentation/AdminDocumentation.jsp?doc=admin-properties',2,0),('CORE_STYLESHEET_MANAGEMENT','portal.style.adminFeature.stylesheet_management.name',0,'jsp/admin/style/ManageStyleSheets.jsp','portal.style.adminFeature.stylesheet_management.description',1,NULL,'STYLE','images/admin/skin/features/manage_stylesheets.png',NULL,3,0),('CORE_STYLES_MANAGEMENT','portal.style.adminFeature.styles_management.name',0,'jsp/admin/style/ManageStyles.jsp','portal.style.adminFeature.styles_management.description',1,NULL,'STYLE','images/admin/skin/features/manage_styles.png',NULL,4,0),('CORE_USERS_MANAGEMENT','portal.users.adminFeature.users_management.name',2,'jsp/admin/user/ManageUsers.jsp','portal.users.adminFeature.users_management.description',1,'','MANAGERS','images/admin/skin/features/manage_users.png',NULL,0,0),('CORE_FEATURES_MANAGEMENT','portal.admin.adminFeature.features_management.name',0,'jsp/admin/features/DispatchFeatures.jsp','portal.admin.adminFeature.features_management.description',0,'','SYSTEM','images/admin/skin/features/manage_features.png',NULL,5,0),('CORE_RBAC_MANAGEMENT','portal.rbac.adminFeature.rbac_management.name',0,'jsp/admin/rbac/ManageRoles.jsp','portal.rbac.adminFeature.rbac_management.description',0,'','MANAGERS','images/admin/skin/features/manage_rbac.png',NULL,0,0),('CORE_DAEMONS_MANAGEMENT','portal.system.adminFeature.daemons_management.name',0,'jsp/admin/system/ManageDaemons.jsp','portal.system.adminFeature.daemons_management.description',0,'','SYSTEM',NULL,NULL,6,0),('CORE_WORKGROUPS_MANAGEMENT','portal.workgroup.adminFeature.workgroups_management.name',2,'jsp/admin/workgroup/ManageWorkgroups.jsp','portal.workgroup.adminFeature.workgroups_management.description',0,'','MANAGERS','images/admin/skin/features/manage_workgroups.png',NULL,1,0),('CORE_ROLES_MANAGEMENT','portal.role.adminFeature.roles_management.name',2,'jsp/admin/role/ManagePageRole.jsp','portal.role.adminFeature.roles_management.description',0,'','USERS','images/admin/skin/features/manage_roles.png',NULL,0,0),('CORE_MAILINGLISTS_MANAGEMENT','portal.mailinglist.adminFeature.mailinglists_management.name',2,'jsp/admin/mailinglist/ManageMailingLists.jsp','portal.mailinglist.adminFeature.mailinglists_management.description',0,'','MANAGERS','images/admin/skin/features/manage_mailinglists.png',NULL,2,0),('CORE_LEVEL_RIGHT_MANAGEMENT','portal.users.adminFeature.level_right_management.name',2,'jsp/admin/features/ManageLevels.jsp','portal.users.adminFeature.level_right_management.description',0,'','MANAGERS','images/admin/skin/features/manage_rights_levels.png',NULL,3,0),('CORE_LINK_SERVICE_MANAGEMENT','portal.insert.adminFeature.linkService_management.name',2,NULL,'portal.insert.adminFeature.linkService_management.description',0,NULL,NULL,NULL,NULL,1,0),('CORE_RIGHT_MANAGEMENT','portal.users.adminFeature.right_management.name',0,'jsp/admin/features/ManageRights.jsp','portal.users.adminFeature.right_management.description',0,'','MANAGERS','images/admin/skin/features/manage_rights_levels.png',NULL,3,0),('CORE_ADMINDASHBOARD_MANAGEMENT','portal.admindashboard.adminFeature.right_management.name',0,'jsp/admin/admindashboard/ManageAdminDashboards.jsp','portal.admindashboard.adminFeature.right_management.description',0,'','SYSTEM','images/admin/skin/features/manage_admindashboards.png',NULL,7,0),('CORE_DASHBOARD_MANAGEMENT','portal.dashboard.adminFeature.dashboard_management.name',0,'jsp/admin/dashboard/ManageDashboards.jsp','portal.dashboard.adminFeature.dashboard_management.description',0,'','SYSTEM','images/admin/skin/features/manage_dashboards.png',NULL,8,0),('CORE_XSL_EXPORT_MANAGEMENT','portal.xsl.adminFeature.xsl_export_management.name',2,'jsp/admin/xsl/ManageXslExport.jsp','portal.xsl.adminFeature.xsl_export_management.description',1,'','SYSTEM',NULL,NULL,9,0),('CORE_GLOBAL_MANAGEMENT','portal.globalmanagement.adminFeature.global_management.name',2,'jsp/admin/globalmanagement/GetGlobalManagement.jsp','portal.globalmanagement.adminFeature.global_management.description',1,'','SYSTEM',NULL,NULL,9,0),('CORE_EXTERNAL_FEATURES_MANAGEMENT','portal.system.adminFeature.external_features_management.name',1,'jsp/admin/features/ManageExternalFeatures.jsp','portal.system.adminFeature.external_features_management.description',1,'','SYSTEM',NULL,NULL,10,0),('ADMINAVATAR_MANAGEMENT','adminavatar.adminFeature.ManageAdminAvatar.name',3,'jsp/admin/plugins/adminavatar/ManageAdminAvatar.jsp','adminavatar.adminFeature.ManageAdminAvatar.description',0,'adminavatar','USERS',NULL,NULL,8,0),('CONTACT_MANAGEMENT','contact.adminFeature.contact_management.name',3,'jsp/admin/plugins/contact/ManageContactsHome.jsp','contact.adminFeature.contact_management.description',0,'contact','APPLICATIONS',NULL,NULL,2,0),('CRM_DEMAND_TYPES_MANAGEMENT','crm.adminFeature.demand_type_management.name',3,'jsp/admin/plugins/crm/ManageDemandTypes.jsp','crm.adminFeature.demand_type_management.description',0,'crm','APPLICATIONS',NULL,NULL,3,0),('HTMLPAGE_MANAGEMENT','htmlpage.adminFeature.htmlpage_management.name',2,'jsp/admin/plugins/htmlpage/ManageHtmlPage.jsp','htmlpage.adminFeature.htmlpage_management.description',0,'htmlpage','APPLICATIONS',NULL,'jsp/admin/documentation/AdminDocumentation.jsp?doc=admin-htmlpage',7,0),('FAVORITES_MANAGEMENT','module.mydashboard.favorites.adminFeature.ManageFavorites.name',1,'jsp/admin/plugins/mydashboard/modules/favorites/ManageFavorites.jsp','module.mydashboard.favorites.adminFeature.ManageFavorites.description',0,'favorites','APPLICATIONS',NULL,NULL,4,0),('FORMS_MANAGEMENT','forms.adminFeature.manageForms.name',0,'jsp/admin/plugins/forms/ManageForms.jsp','forms.adminFeature.manageForms.description',0,'forms','APPLICATIONS',NULL,NULL,5,0),('FORMS_MULTIVIEW','forms.adminFeature.multiviewForms.name',2,'jsp/admin/plugins/forms/MultiviewForms.jsp','forms.adminFeature.multiviewForms.description',0,'forms','APPLICATIONS',NULL,NULL,6,0),('CONFIG_DOCUMENT_PRODUCER_MANAGEMENT','module.forms.documentproducer.adminFeature.ManageConfigDocumentProducer.name',1,'jsp/admin/plugins/forms/modules/documentproducer/ManageConfigProducer.jsp?view=getSelectForm','module.forms.documentproducer.adminFeature.ManageConfigDocumentProducer.description',0,'forms-documentproducer','APPLICATIONS',NULL,NULL,1,0),('MYDASHBOARD_PANEL_MANAGEMENT','mydashboard.adminFeature.ManageMydashboardPanel.name',0,'jsp/admin/plugins/mydashboard/ManageMyDashboardPanel.jsp','mydashboard.adminFeature.ManageMydashboardPanel.description',0,'mydashboard','SITE',NULL,NULL,4,0),('MYLUTECE_MANAGEMENT','mylutece.adminFeature.mylutece_management.name',2,'jsp/admin/plugins/mylutece/attribute/ManageAttributes.jsp','mylutece.adminFeature.mylutece_management.description',0,'mylutece','USERS',NULL,NULL,NULL,0),('MYLUTECE_MANAGE_AUTHENTICATION_FILTER','mylutece.adminFeature.mylutece_management_authentication_filter.name',3,'jsp/admin/plugins/mylutece/security/ManageAuthenticationFilter.jsp','mylutece.adminFeature.mylutece_management_authentication_filter.description',0,'mylutece','USERS',NULL,NULL,5,0),('DATABASE_MANAGEMENT_USERS','module.mylutece.database.adminFeature.database_management_user.name',3,'jsp/admin/plugins/mylutece/modules/database/ManageUsers.jsp','module.mylutece.database.adminFeature.database_management_user.description',0,'mylutece-database','USERS',NULL,NULL,3,0),('DATABASE_GROUPS_MANAGEMENT','module.mylutece.database.adminFeature.groups_management.name',3,'jsp/admin/plugins/mylutece/modules/database/ManageGroups.jsp','module.mylutece.database.adminFeature.groups_management.description',0,'mylutece-database','USERS',NULL,NULL,4,0),('PROFILES_MANAGEMENT','profiles.adminFeature.profiles_management.name',0,'jsp/admin/plugins/profiles/ManageProfiles.jsp','profiles.adminFeature.profiles_management.description',0,'profiles','USERS',NULL,'jsp/admin/documentation/AdminDocumentation.jsp?doc=admin-profiles',6,0),('PROFILES_VIEWS_MANAGEMENT','profiles.adminFeature.views_management.name',0,'jsp/admin/plugins/profiles/ManageViews.jsp','profiles.adminFeature.views_management.description',0,'profiles','USERS',NULL,'jsp/admin/documentation/AdminDocumentation.jsp?doc=admin-profiles',7,0),('REGULAR_EXPRESSION_MANAGEMENT','regularexpression.adminFeature.regularexpression_management.name',0,'jsp/admin/plugins/regularexpression/ManageRegularExpression.jsp','regularexpression.adminFeature.regularexpression_management.description',0,'regularexpression','SYSTEM',NULL,NULL,13,0),('UPLOAD_MANAGEMENT','upload.adminFeature.upload_management.name',3,'jsp/admin/plugins/upload/ManageUpload.jsp','upload.adminFeature.upload_management.description',0,'upload','SITE',NULL,NULL,3,0),('WORKFLOW_MANAGEMENT','workflow.adminFeature.workflow_management.name',3,'jsp/admin/plugins/workflow/ManageWorkflow.jsp','workflow.adminFeature.workflow_management.description',0,'workflow','APPLICATIONS',NULL,NULL,9,0),('MYLUTECE_MANAGE_EXTERNAL_APPLICATION','mylutece.adminFeature.mylutece_management_external_application.name',3,'jsp/admin/plugins/mylutece/ManageExternalApplicationUser.jsp','mylutece.adminFeature.mylutece_management_external_application.description',0,'mylutece','APPLICATIONS',NULL,NULL,8,0);
/*!40000 ALTER TABLE `core_admin_right` ENABLE KEYS */;
UNLOCK TABLES;

--
-- Table structure for table `core_admin_role`
--

DROP TABLE IF EXISTS `core_admin_role`;
/*!40101 SET @saved_cs_client     = @@character_set_client */;
/*!40101 SET character_set_client = utf8 */;
CREATE TABLE `core_admin_role` (
  `role_key` varchar(50) COLLATE utf8_unicode_ci NOT NULL DEFAULT '',
  `role_description` varchar(100) COLLATE utf8_unicode_ci NOT NULL DEFAULT '',
  PRIMARY KEY (`role_key`)
) ENGINE=MyISAM DEFAULT CHARSET=utf8 COLLATE=utf8_unicode_ci;
/*!40101 SET character_set_client = @saved_cs_client */;

--
-- Dumping data for table `core_admin_role`
--

LOCK TABLES `core_admin_role` WRITE;
/*!40000 ALTER TABLE `core_admin_role` DISABLE KEYS */;
INSERT INTO `core_admin_role` VALUES ('all_site_manager','Site Manager'),('super_admin','Super Administrateur'),('forms_manager','Gestion des formulaires'),('assign_roles','Assigner des roles aux utilisateurs'),('assign_groups','Assigner des groupes aux utilisateurs'),('mylutece_manager','Gérer les patramètres avancés Mylutece'),('mylutece_database_manager','Mylutece Database management'),('profiles_manager','Profiles management'),('profiles_views_manager','Profiles Views management'),('workflow_manager','Workflow management');
/*!40000 ALTER TABLE `core_admin_role` ENABLE KEYS */;
UNLOCK TABLES;

--
-- Table structure for table `core_admin_role_resource`
--

DROP TABLE IF EXISTS `core_admin_role_resource`;
/*!40101 SET @saved_cs_client     = @@character_set_client */;
/*!40101 SET character_set_client = utf8 */;
CREATE TABLE `core_admin_role_resource` (
  `rbac_id` int(11) NOT NULL DEFAULT '0',
  `role_key` varchar(50) COLLATE utf8_unicode_ci NOT NULL DEFAULT '',
  `resource_type` varchar(50) COLLATE utf8_unicode_ci NOT NULL DEFAULT '',
  `resource_id` varchar(50) COLLATE utf8_unicode_ci NOT NULL DEFAULT '',
  `permission` varchar(50) COLLATE utf8_unicode_ci NOT NULL DEFAULT '',
  PRIMARY KEY (`rbac_id`)
) ENGINE=MyISAM DEFAULT CHARSET=utf8 COLLATE=utf8_unicode_ci;
/*!40101 SET character_set_client = @saved_cs_client */;

--
-- Dumping data for table `core_admin_role_resource`
--

LOCK TABLES `core_admin_role_resource` WRITE;
/*!40000 ALTER TABLE `core_admin_role_resource` DISABLE KEYS */;
INSERT INTO `core_admin_role_resource` VALUES (57,'all_site_manager','PAGE','*','VIEW'),(58,'all_site_manager','PAGE','*','MANAGE'),(77,'super_admin','INSERT_SERVICE','*','*'),(101,'all_site_manager','PORTLET_TYPE','*','*'),(111,'all_site_manager','ADMIN_USER','*','*'),(137,'all_site_manager','SEARCH_SERVICE','*','*'),(164,'all_site_manager','XSL_EXPORT','*','*'),(1907,'forms_manager','FORMS_FORM','*','*'),(205,'assign_roles','ROLE_TYPE','*','ASSIGN_ROLE'),(207,'mylutece_manager','MYLUTECE','*','*'),(206,'assign_groups','GROUP_TYPE','*','ASSIGN_GROUP'),(350,'mylutece_database_manager','DATABASE','*','*'),(150,'profiles_manager','PROFILES','*','*'),(151,'profiles_views_manager','PROFILES_VIEWS','*','*'),(912,'workflow_manager','WORKFLOW_ACTION_TYPE','*','*'),(923,'workflow_manager','WORKFLOW_STATE_TYPE','*','*');
/*!40000 ALTER TABLE `core_admin_role_resource` ENABLE KEYS */;
UNLOCK TABLES;

--
-- Table structure for table `core_admin_user`
--

DROP TABLE IF EXISTS `core_admin_user`;
/*!40101 SET @saved_cs_client     = @@character_set_client */;
/*!40101 SET character_set_client = utf8 */;
CREATE TABLE `core_admin_user` (
  `id_user` int(11) NOT NULL DEFAULT '0',
  `access_code` varchar(100) COLLATE utf8_unicode_ci NOT NULL DEFAULT '',
  `last_name` varchar(100) COLLATE utf8_unicode_ci NOT NULL DEFAULT '',
  `first_name` varchar(100) COLLATE utf8_unicode_ci NOT NULL DEFAULT '',
  `email` varchar(256) COLLATE utf8_unicode_ci NOT NULL DEFAULT '0',
  `status` smallint(6) NOT NULL DEFAULT '0',
  `password` mediumtext COLLATE utf8_unicode_ci,
  `locale` varchar(10) COLLATE utf8_unicode_ci NOT NULL DEFAULT 'fr',
  `level_user` smallint(6) NOT NULL DEFAULT '0',
  `reset_password` smallint(6) NOT NULL DEFAULT '0',
  `accessibility_mode` smallint(6) NOT NULL DEFAULT '0',
  `password_max_valid_date` timestamp NULL DEFAULT NULL,
  `account_max_valid_date` bigint(20) DEFAULT NULL,
  `nb_alerts_sent` int(11) NOT NULL DEFAULT '0',
  `last_login` timestamp NOT NULL DEFAULT '1979-12-31 23:00:00',
  `workgroup_key` varchar(50) COLLATE utf8_unicode_ci DEFAULT 'all',
  PRIMARY KEY (`id_user`)
) ENGINE=MyISAM DEFAULT CHARSET=utf8 COLLATE=utf8_unicode_ci;
/*!40101 SET character_set_client = @saved_cs_client */;

--
-- Dumping data for table `core_admin_user`
--

LOCK TABLES `core_admin_user` WRITE;
/*!40000 ALTER TABLE `core_admin_user` DISABLE KEYS */;
INSERT INTO `core_admin_user` VALUES (1,'admin','Admin','admin','admin@lutece.fr',0,'PBKDF2WITHHMACSHA512:40000:2e5f5f066cf14663aa1b58a35ec8c158:51e9f191a3e0c37707ed18ca582c9d97a7f082c17cf9a2d6071058aac7030fc043dcfe8fbdd8116a20ee19ea888a14ce940cc5ef68f13f1c9055a00f2d8cdb9a6940670bc5971be140dd57107cb0a2745a8b06155e46d6e60cadff078872b62caa2b89ebece351e84844d40434d359e78b952ec47c81c96e2ac03eceed4c69e4','fr',0,0,0,'2019-06-07 15:14:43',1581153632787,0,'2019-02-08 09:20:32','all'),(2,'lutece','Lutèce','lutece','lutece@lutece.fr',1,'PLAINTEXT:adminadmin','fr',1,0,0,NULL,NULL,0,'1979-12-31 23:00:00','all'),(3,'redac','redac','redac','redac@lutece.fr',1,'PLAINTEXT:adminadmin','fr',2,0,0,NULL,NULL,0,'1979-12-31 23:00:00','all'),(4,'valid','valid','valid','valid@lutece.fr',1,'PLAINTEXT:adminadmin','fr',3,0,0,NULL,NULL,0,'1979-12-31 23:00:00','all');
/*!40000 ALTER TABLE `core_admin_user` ENABLE KEYS */;
UNLOCK TABLES;

--
-- Table structure for table `core_admin_user_anonymize_field`
--

DROP TABLE IF EXISTS `core_admin_user_anonymize_field`;
/*!40101 SET @saved_cs_client     = @@character_set_client */;
/*!40101 SET character_set_client = utf8 */;
CREATE TABLE `core_admin_user_anonymize_field` (
  `field_name` varchar(100) COLLATE utf8_unicode_ci NOT NULL,
  `anonymize` smallint(6) NOT NULL,
  PRIMARY KEY (`field_name`)
) ENGINE=MyISAM DEFAULT CHARSET=utf8 COLLATE=utf8_unicode_ci;
/*!40101 SET character_set_client = @saved_cs_client */;

--
-- Dumping data for table `core_admin_user_anonymize_field`
--

LOCK TABLES `core_admin_user_anonymize_field` WRITE;
/*!40000 ALTER TABLE `core_admin_user_anonymize_field` DISABLE KEYS */;
INSERT INTO `core_admin_user_anonymize_field` VALUES ('access_code',1),('last_name',1),('first_name',1),('email',1);
/*!40000 ALTER TABLE `core_admin_user_anonymize_field` ENABLE KEYS */;
UNLOCK TABLES;

--
-- Table structure for table `core_admin_user_field`
--

DROP TABLE IF EXISTS `core_admin_user_field`;
/*!40101 SET @saved_cs_client     = @@character_set_client */;
/*!40101 SET character_set_client = utf8 */;
CREATE TABLE `core_admin_user_field` (
  `id_user_field` int(11) NOT NULL DEFAULT '0',
  `id_user` int(11) DEFAULT NULL,
  `id_attribute` int(11) DEFAULT NULL,
  `id_field` int(11) DEFAULT NULL,
  `id_file` int(11) DEFAULT NULL,
  `user_field_value` mediumtext COLLATE utf8_unicode_ci,
  PRIMARY KEY (`id_user_field`),
  KEY `core_admin_user_field_idx_file` (`id_file`)
) ENGINE=MyISAM DEFAULT CHARSET=utf8 COLLATE=utf8_unicode_ci;
/*!40101 SET character_set_client = @saved_cs_client */;

--
-- Dumping data for table `core_admin_user_field`
--

LOCK TABLES `core_admin_user_field` WRITE;
/*!40000 ALTER TABLE `core_admin_user_field` DISABLE KEYS */;
/*!40000 ALTER TABLE `core_admin_user_field` ENABLE KEYS */;
UNLOCK TABLES;

--
-- Table structure for table `core_admin_user_preferences`
--

DROP TABLE IF EXISTS `core_admin_user_preferences`;
/*!40101 SET @saved_cs_client     = @@character_set_client */;
/*!40101 SET character_set_client = utf8 */;
CREATE TABLE `core_admin_user_preferences` (
  `id_user` varchar(100) COLLATE utf8_unicode_ci NOT NULL,
  `pref_key` varchar(100) COLLATE utf8_unicode_ci NOT NULL,
  `pref_value` mediumtext COLLATE utf8_unicode_ci,
  PRIMARY KEY (`id_user`,`pref_key`),
  KEY `index_admin_user_preferences` (`id_user`)
) ENGINE=MyISAM DEFAULT CHARSET=utf8 COLLATE=utf8_unicode_ci;
/*!40101 SET character_set_client = @saved_cs_client */;

--
-- Dumping data for table `core_admin_user_preferences`
--

LOCK TABLES `core_admin_user_preferences` WRITE;
/*!40000 ALTER TABLE `core_admin_user_preferences` DISABLE KEYS */;
/*!40000 ALTER TABLE `core_admin_user_preferences` ENABLE KEYS */;
UNLOCK TABLES;

--
-- Table structure for table `core_admin_workgroup`
--

DROP TABLE IF EXISTS `core_admin_workgroup`;
/*!40101 SET @saved_cs_client     = @@character_set_client */;
/*!40101 SET character_set_client = utf8 */;
CREATE TABLE `core_admin_workgroup` (
  `workgroup_key` varchar(50) COLLATE utf8_unicode_ci NOT NULL,
  `workgroup_description` varchar(255) COLLATE utf8_unicode_ci DEFAULT NULL,
  PRIMARY KEY (`workgroup_key`)
) ENGINE=MyISAM DEFAULT CHARSET=utf8 COLLATE=utf8_unicode_ci;
/*!40101 SET character_set_client = @saved_cs_client */;

--
-- Dumping data for table `core_admin_workgroup`
--

LOCK TABLES `core_admin_workgroup` WRITE;
/*!40000 ALTER TABLE `core_admin_workgroup` DISABLE KEYS */;
/*!40000 ALTER TABLE `core_admin_workgroup` ENABLE KEYS */;
UNLOCK TABLES;

--
-- Table structure for table `core_admin_workgroup_user`
--

DROP TABLE IF EXISTS `core_admin_workgroup_user`;
/*!40101 SET @saved_cs_client     = @@character_set_client */;
/*!40101 SET character_set_client = utf8 */;
CREATE TABLE `core_admin_workgroup_user` (
  `workgroup_key` varchar(50) COLLATE utf8_unicode_ci NOT NULL,
  `id_user` int(11) NOT NULL,
  PRIMARY KEY (`workgroup_key`,`id_user`)
) ENGINE=MyISAM DEFAULT CHARSET=utf8 COLLATE=utf8_unicode_ci;
/*!40101 SET character_set_client = @saved_cs_client */;

--
-- Dumping data for table `core_admin_workgroup_user`
--

LOCK TABLES `core_admin_workgroup_user` WRITE;
/*!40000 ALTER TABLE `core_admin_workgroup_user` DISABLE KEYS */;
/*!40000 ALTER TABLE `core_admin_workgroup_user` ENABLE KEYS */;
UNLOCK TABLES;

--
-- Table structure for table `core_attribute`
--

DROP TABLE IF EXISTS `core_attribute`;
/*!40101 SET @saved_cs_client     = @@character_set_client */;
/*!40101 SET character_set_client = utf8 */;
CREATE TABLE `core_attribute` (
  `id_attribute` int(11) NOT NULL DEFAULT '0',
  `type_class_name` varchar(255) COLLATE utf8_unicode_ci DEFAULT NULL,
  `title` mediumtext COLLATE utf8_unicode_ci,
  `help_message` mediumtext COLLATE utf8_unicode_ci,
  `is_mandatory` smallint(6) DEFAULT '0',
  `is_shown_in_search` smallint(6) DEFAULT '0',
  `is_shown_in_result_list` smallint(6) DEFAULT '0',
  `is_field_in_line` smallint(6) DEFAULT '0',
  `attribute_position` int(11) DEFAULT '0',
  `plugin_name` varchar(255) COLLATE utf8_unicode_ci DEFAULT NULL,
  `anonymize` smallint(6) DEFAULT NULL,
  PRIMARY KEY (`id_attribute`)
) ENGINE=MyISAM DEFAULT CHARSET=utf8 COLLATE=utf8_unicode_ci;
/*!40101 SET character_set_client = @saved_cs_client */;

--
-- Dumping data for table `core_attribute`
--

LOCK TABLES `core_attribute` WRITE;
/*!40000 ALTER TABLE `core_attribute` DISABLE KEYS */;
INSERT INTO `core_attribute` VALUES (1,'fr.paris.lutece.portal.business.user.attribute.AttributeComboBox','Profil','',0,0,0,0,0,'profiles',NULL);
/*!40000 ALTER TABLE `core_attribute` ENABLE KEYS */;
UNLOCK TABLES;

--
-- Table structure for table `core_attribute_field`
--

DROP TABLE IF EXISTS `core_attribute_field`;
/*!40101 SET @saved_cs_client     = @@character_set_client */;
/*!40101 SET character_set_client = utf8 */;
CREATE TABLE `core_attribute_field` (
  `id_field` int(11) NOT NULL DEFAULT '0',
  `id_attribute` int(11) DEFAULT NULL,
  `title` varchar(255) COLLATE utf8_unicode_ci DEFAULT NULL,
  `DEFAULT_value` mediumtext COLLATE utf8_unicode_ci,
  `is_DEFAULT_value` smallint(6) DEFAULT '0',
  `height` int(11) DEFAULT NULL,
  `width` int(11) DEFAULT NULL,
  `max_size_enter` int(11) DEFAULT NULL,
  `is_multiple` smallint(6) DEFAULT '0',
  `field_position` int(11) DEFAULT NULL,
  PRIMARY KEY (`id_field`)
) ENGINE=MyISAM DEFAULT CHARSET=utf8 COLLATE=utf8_unicode_ci;
/*!40101 SET character_set_client = @saved_cs_client */;

--
-- Dumping data for table `core_attribute_field`
--

LOCK TABLES `core_attribute_field` WRITE;
/*!40000 ALTER TABLE `core_attribute_field` DISABLE KEYS */;
INSERT INTO `core_attribute_field` VALUES (1,1,NULL,NULL,0,0,0,0,1,1);
/*!40000 ALTER TABLE `core_attribute_field` ENABLE KEYS */;
UNLOCK TABLES;

--
-- Table structure for table `core_connections_log`
--

DROP TABLE IF EXISTS `core_connections_log`;
/*!40101 SET @saved_cs_client     = @@character_set_client */;
/*!40101 SET character_set_client = utf8 */;
CREATE TABLE `core_connections_log` (
  `access_code` varchar(100) COLLATE utf8_unicode_ci DEFAULT NULL,
  `ip_address` varchar(63) COLLATE utf8_unicode_ci DEFAULT NULL,
  `date_login` timestamp NOT NULL DEFAULT CURRENT_TIMESTAMP,
  `login_status` int(11) DEFAULT NULL,
  KEY `index_connections_log` (`ip_address`,`date_login`)
) ENGINE=MyISAM DEFAULT CHARSET=utf8 COLLATE=utf8_unicode_ci;
/*!40101 SET character_set_client = @saved_cs_client */;

--
-- Dumping data for table `core_connections_log`
--

LOCK TABLES `core_connections_log` WRITE;
/*!40000 ALTER TABLE `core_connections_log` DISABLE KEYS */;
/*!40000 ALTER TABLE `core_connections_log` ENABLE KEYS */;
UNLOCK TABLES;

--
-- Table structure for table `core_dashboard`
--

DROP TABLE IF EXISTS `core_dashboard`;
/*!40101 SET @saved_cs_client     = @@character_set_client */;
/*!40101 SET character_set_client = utf8 */;
CREATE TABLE `core_dashboard` (
  `dashboard_name` varchar(100) COLLATE utf8_unicode_ci NOT NULL,
  `dashboard_column` int(11) NOT NULL,
  `dashboard_order` int(11) NOT NULL,
  PRIMARY KEY (`dashboard_name`)
) ENGINE=MyISAM DEFAULT CHARSET=utf8 COLLATE=utf8_unicode_ci;
/*!40101 SET character_set_client = @saved_cs_client */;

--
-- Dumping data for table `core_dashboard`
--

LOCK TABLES `core_dashboard` WRITE;
/*!40000 ALTER TABLE `core_dashboard` DISABLE KEYS */;
INSERT INTO `core_dashboard` VALUES ('CORE_SYSTEM',1,2),('CORE_USERS',1,1),('CORE_USER',4,1),('CORE_PAGES',2,1),('WORKFLOW',3,1);
/*!40000 ALTER TABLE `core_dashboard` ENABLE KEYS */;
UNLOCK TABLES;

--
-- Table structure for table `core_datastore`
--

DROP TABLE IF EXISTS `core_datastore`;
/*!40101 SET @saved_cs_client     = @@character_set_client */;
/*!40101 SET character_set_client = utf8 */;
CREATE TABLE `core_datastore` (
  `entity_key` varchar(255) COLLATE utf8_unicode_ci NOT NULL,
  `entity_value` mediumtext COLLATE utf8_unicode_ci,
  PRIMARY KEY (`entity_key`)
) ENGINE=MyISAM DEFAULT CHARSET=utf8 COLLATE=utf8_unicode_ci;
/*!40101 SET character_set_client = @saved_cs_client */;

--
-- Dumping data for table `core_datastore`
--

LOCK TABLES `core_datastore` WRITE;
/*!40000 ALTER TABLE `core_datastore` DISABLE KEYS */;
INSERT INTO `core_datastore` VALUES ('core.advanced_parameters.password_duration','120'),('core.advanced_parameters.default_user_level','0'),('core.advanced_parameters.default_user_notification','1'),('core.advanced_parameters.default_user_language','fr'),('core.advanced_parameters.default_user_status','0'),('core.advanced_parameters.email_pattern','^[\\w_.\\-!\\#\\$\\%\\&\'\\*\\+\\/\\=\\?\\^\\`\\}\\{\\|\\~]+@[\\w_.\\-]+\\.[\\w]+$'),('core.advanced_parameters.email_pattern_verify_by',''),('core.advanced_parameters.force_change_password_reinit','false'),('core.advanced_parameters.password_minimum_length','8'),('core.advanced_parameters.password_format_upper_lower_case','false'),('core.advanced_parameters.password_format_numero','false'),('core.advanced_parameters.password_format_special_characters','false'),('core.advanced_parameters.password_history_size',''),('core.advanced_parameters.maximum_number_password_change',''),('core.advanced_parameters.tsw_size_password_change',''),('core.advanced_parameters.use_advanced_security_parameters',''),('core.advanced_parameters.account_life_time','12'),('core.advanced_parameters.time_before_alert_account','30'),('core.advanced_parameters.nb_alert_account','2'),('core.advanced_parameters.time_between_alerts_account','10'),('core.advanced_parameters.access_failures_max','3'),('core.advanced_parameters.access_failures_interval','10'),('core.advanced_parameters.expired_alert_mail_sender','lutece@nowhere.com'),('core.advanced_parameters.expired_alert_mail_subject','Votre compte a expiré'),('core.advanced_parameters.first_alert_mail_sender','lutece@nowhere.com'),('core.advanced_parameters.first_alert_mail_subject','Votre compte va bientôt expirer'),('core.advanced_parameters.other_alert_mail_sender','lutece@nowhere.com'),('core.advanced_parameters.other_alert_mail_subject','Votre compte va bientôt expirer'),('core.advanced_parameters.account_reactivated_mail_sender','lutece@nowhere.com'),('core.advanced_parameters.account_reactivated_mail_subject','Votre compte a bien été réactivé'),('core.advanced_parameters.access_failures_captcha','1'),('core.advanced_parameters.notify_user_password_expired',''),('core.advanced_parameters.password_expired_mail_sender','lutece@nowhere.com'),('core.advanced_parameters.password_expired_mail_subject','Votre mot de passe a expiré'),('core.advanced_parameters.reset_token_validity','60'),('core.advanced_parameters.lock_reset_token_to_session','false'),('core.backOffice.defaultEditor','tinymce'),('core.frontOffice.defaultEditor','markitupbbcode'),('core_banned_domain_names','yopmail.com'),('portal.site.site_property.name','LUTECE'),('portal.site.site_property.meta.author','<author>'),('portal.site.site_property.meta.copyright','<copyright>'),('portal.site.site_property.meta.description','<description>'),('portal.site.site_property.meta.keywords','<keywords>'),('portal.site.site_property.email','<webmaster email>'),('portal.site.site_property.noreply_email','no-reply@mydomain.com'),('portal.site.site_property.home_url','jsp/site/Portal.jsp'),('portal.site.site_property.admin_home_url','jsp/admin/AdminMenu.jsp'),('portal.site.site_property.popup_credits.textblock','&lt;credits text&gt;'),('portal.site.site_property.popup_legal_info.copyright.textblock','&lt;copyright text&gt;'),('portal.site.site_property.popup_legal_info.privacy.textblock','&lt;privacy text&gt;'),('portal.site.site_property.logo_url','images/logo-header-icon.png'),('portal.site.site_property.menu.position','top'),('portal.site.site_property.locale.default','fr'),('portal.site.site_property.avatar_default','images/admin/skin/unknown.png'),('portal.site.site_property.back_images','\'images/admin/skin/bg_login1.jpg\' , \'images/admin/skin/bg_login2.jpg\' , \'images/admin/skin/bg_login3.jpg\' , \'images/admin/skin/bg_login4.jpg\''),('adminavatar.site_property.avatarserver.Url',''),('limitconnectedusers.site_property.limit_message.textblock','<div class=\'alert alert-danger\'>Le nombre maximal d\'utilisateur connecté simultanément a été atteint</div>'),('limitconnectedusers.site_property.limit_notification_mailing_list.textblock',''),('limitconnectedusers.site_property.limit_notification_message.textblock','Le nombre maximal d\'utilisateur connecté simultanément a été atteint'),('limitconnectedusers.site_property.limit_notification_sender_name','LUTECE'),('limitconnectedusers.site_property.limit_notification_subject.textblock','Le nombre maximal d\'utilisateur connecté simultanément a été atteint'),('mylutece.security.public_url.mylutece.url.login.page','jsp/site/Portal.jsp?page=mylutece&action=login'),('mylutece.security.public_url.mylutece.url.doLogin','jsp/site/plugins/mylutece/DoMyLuteceLogin.jsp'),('mylutece.security.public_url.mylutece.url.doLogout','jsp/site/plugins/mylutece/DoMyLuteceLogout.jsp'),('mylutece.security.public_url.mylutece.url.createAccount.page','jsp/site/Portal.jsp?page=mylutece&action=createAccount'),('mylutece.security.public_url.mylutece.url.modifyAccount.page','jsp/site/Portal.jsp?page=mylutece&action=modifyAccount'),('mylutece.security.public_url.mylutece.url.lostPassword.page','jsp/site/Portal.jsp?page=mylutece&action=lostPassword'),('mylutece.security.public_url.mylutece.url.lostLogin.page','jsp/site/Portal.jsp?page=mylutecedatabase&action=lostLogin'),('mylutece.security.public_url.mylutece.url.doActionsAll','jsp/site/plugins/mylutece/Do*'),('mylutece-database_banned_domain_names','yopmail.com'),('mylutece.security.public_url.mylutece-database.url.login.page','jsp/site/Portal.jsp?page=mylutece&action=login'),('mylutece.security.public_url.mylutece-database.url.doLogin','jsp/site/plugins/mylutece/DoMyLuteceLogin.jsp'),('mylutece.security.public_url.mylutece-database.url.doLogout','jsp/site/plugins/mylutece/DoMyLuteceLogout.jsp'),('mylutece.security.public_url.mylutece-database.url.createAccount.page','jsp/site/Portal.jsp?page=mylutecedatabase&action=createAccount'),('mylutece.security.public_url.mylutece-database.url.lostPassword.page','jsp/site/Portal.jsp?page=mylutecedatabase&action=lostPassword'),('mylutece.security.public_url.mylutece-database.url.lostLogin.page','jsp/site/Portal.jsp?page=mylutecedatabase&action=lostLogin'),('mylutece.security.public_url.mylutece-database.url.reinitPassword.page','jsp/site/Portal.jsp?page=mylutecedatabase&action=reinitPassword'),('mylutece.security.public_url.mylutece-database.url.doActionsAll','jsp/site/plugins/mylutece/modules/database/Do*'),('core.cache.status.PageCachingFilter.enabled','0'),('core.cache.status.LuteceUserCacheService.enabled','1'),('core.cache.status.StaticFilesCachingFilter.enabled','1'),('core.cache.status.PageCacheService.enabled','1'),('core.cache.status.MailAttachmentCacheService.overflowToDisk','true'),('core.cache.status.PortletCacheService.enabled','0'),('core.cache.status.LuteceUserCacheService.maxElementsInMemory','1000'),('core.cache.status.MailAttachmentCacheService.enabled','1'),('core.cache.status.PortalMenuService.enabled','1'),('core.cache.status.StaticFilesCachingFilter.timeToLiveSeconds','604800'),('core.cache.status.MailAttachmentCacheService.diskPersistent','true'),('core.cache.status.BaseUserPreferencesCacheService.maxElementsInMemory','1000'),('core.cache.status.MyPortalWidgetContentService.enabled','1'),('core.cache.status.MailAttachmentCacheService.timeToLiveSeconds','7200'),('core.cache.status.MailAttachmentCacheService.maxElementsInMemory','10'),('core.cache.status.pathCacheService.enabled','1'),('core.cache.status.MyPortalWidgetService.enabled','1'),('core.cache.status.LinksIncludeCacheService.enabled','1'),('core.cache.status.SiteMapService.enabled','1'),('core.cache.status.BaseUserPreferencesCacheService.enabled','1'),('core.plugins.status.core_extensions.installed','true'),('core.plugins.status.lucene.installed','true'),('core.daemon.indexer.interval','300'),('core.daemon.indexer.onStartUp','true'),('core.daemon.mailSender.interval','86400'),('core.daemon.mailSender.onStartUp','true'),('core.daemon.anonymizationDaemon.interval','86400'),('core.daemon.anonymizationDaemon.onStartUp','false'),('core.daemon.accountLifeTimeDaemon.interval','86400'),('core.daemon.accountLifeTimeDaemon.onStartUp','true'),('core.daemon.threadLauncherDaemon.interval','86400'),('core.daemon.threadLauncherDaemon.onStartUp','true'),('core.daemon.crmDemandCleaner.interval','86400'),('core.daemon.crmDemandCleaner.onStartUp','true'),('core.daemon.automaticActionDaemon.interval','14400'),('core.daemon.automaticActionDaemon.onStartUp','true'),('core.daemon.databaseAnonymizationDaemon.interval','86400'),('core.daemon.databaseAnonymizationDaemon.onStartUp','true'),('core.daemon.databaseAccountLifeTimeDaemon.interval','86400'),('core.daemon.databaseAccountLifeTimeDaemon.onStartUp','true'),('core.startup.time','7 févr. 2019 18:37:04'),('core.cache.status.DatastoreCacheService.enabled','0'),('core.plugins.status.address.installed','true'),('core.plugins.status.address-autocomplete.installed','true'),('core.plugins.status.adminavatar.installed','true'),('core.plugins.status.asynchronous-upload.installed','true'),('core.plugins.status.asynchronous-upload.pool','portal'),('core.plugins.status.avatar.installed','true'),('core.plugins.status.childpages.installed','true'),('core.plugins.status.contact.installed','true'),('core.plugins.status.contact.pool','portal'),('core.plugins.status.crm.installed','true'),('core.plugins.status.crm.pool','portal'),('core.plugins.status.favorites.installed','true'),('core.plugins.status.favorites.pool','portal'),('core.plugins.status.forms.installed','true'),('core.plugins.status.forms.pool','portal'),('core.plugins.status.forms-documentproducer.installed','true'),('core.plugins.status.forms-documentproducer.pool','portal'),('core.plugins.status.html.installed','true'),('core.plugins.status.htmlpage.installed','true'),('core.plugins.status.htmlpage.pool','portal'),('core.plugins.status.limitconnectedusers.installed','true'),('core.plugins.status.mydashboard.installed','true'),('core.plugins.status.mydashboard.pool','portal'),('core.plugins.status.mydashboard-avatar.installed','true'),('core.plugins.status.mylutece.installed','true'),('core.plugins.status.mylutece.pool','portal'),('core.plugins.status.mylutece-database.installed','true'),('core.plugins.status.mylutece-database.pool','portal'),('core.plugins.status.mylutecetest.installed','true'),('core.plugins.status.profiles.installed','true'),('core.plugins.status.profiles.pool','portal'),('core.plugins.status.regularexpression.installed','true'),('core.plugins.status.regularexpression.pool','portal'),('core.plugins.status.rest.installed','true'),('core.plugins.status.subscribe.installed','true'),('core.plugins.status.subscribe.pool','portal'),('core.plugins.status.upload.installed','true'),('core.plugins.status.workflow.installed','true'),('core.plugins.status.workflow.pool','portal'),('core.plugins.status.workflow-forms.installed','true'),('core.plugins.status.workflow-forms.pool','portal'),('core.plugins.status.workflow-formsautomaticassignment.installed','true'),('core.plugins.status.workflow-formsautomaticassignment.pool','portal'),('core.plugins.status.workflow-formspdf.installed','true'),('core.plugins.status.workflow-formspdf.pool','portal'),('core.plugins.status.workflow-rest.installed','true'),('core.cache.status.XMLTransformerCacheService(XSLT).enabled','1'),('core.cache.status.EntryTypeServiceManagerCache.enabled','0'),('core.cache.status.asynchronousupload.asynchronousUploadCacheService.enabled','0');
/*!40000 ALTER TABLE `core_datastore` ENABLE KEYS */;
UNLOCK TABLES;

--
-- Table structure for table `core_feature_group`
--

DROP TABLE IF EXISTS `core_feature_group`;
/*!40101 SET @saved_cs_client     = @@character_set_client */;
/*!40101 SET character_set_client = utf8 */;
CREATE TABLE `core_feature_group` (
  `id_feature_group` varchar(50) COLLATE utf8_unicode_ci NOT NULL DEFAULT '',
  `feature_group_description` varchar(255) COLLATE utf8_unicode_ci DEFAULT NULL,
  `feature_group_label` varchar(100) COLLATE utf8_unicode_ci DEFAULT NULL,
  `feature_group_order` int(11) DEFAULT NULL,
  PRIMARY KEY (`id_feature_group`)
) ENGINE=MyISAM DEFAULT CHARSET=utf8 COLLATE=utf8_unicode_ci;
/*!40101 SET character_set_client = @saved_cs_client */;

--
-- Dumping data for table `core_feature_group`
--

LOCK TABLES `core_feature_group` WRITE;
/*!40000 ALTER TABLE `core_feature_group` DISABLE KEYS */;
INSERT INTO `core_feature_group` VALUES ('CONTENT','portal.features.group.content.description','portal.features.group.content.label',1),('APPLICATIONS','portal.features.group.applications.description','portal.features.group.applications.label',3),('SYSTEM','portal.features.group.system.description','portal.features.group.system.label',7),('SITE','portal.features.group.site.description','portal.features.group.site.label',2),('STYLE','portal.features.group.charter.description','portal.features.group.charter.label',6),('USERS','portal.features.group.users.description','portal.features.group.users.label',4),('MANAGERS','portal.features.group.managers.description','portal.features.group.managers.label',5);
/*!40000 ALTER TABLE `core_feature_group` ENABLE KEYS */;
UNLOCK TABLES;

--
-- Table structure for table `core_file`
--

DROP TABLE IF EXISTS `core_file`;
/*!40101 SET @saved_cs_client     = @@character_set_client */;
/*!40101 SET character_set_client = utf8 */;
CREATE TABLE `core_file` (
  `id_file` int(11) NOT NULL DEFAULT '0',
  `title` mediumtext COLLATE utf8_unicode_ci,
  `id_physical_file` int(11) DEFAULT NULL,
  `file_size` int(11) DEFAULT NULL,
  `mime_type` varchar(255) COLLATE utf8_unicode_ci DEFAULT NULL,
  `date_creation` timestamp NULL DEFAULT NULL,
  PRIMARY KEY (`id_file`)
) ENGINE=MyISAM DEFAULT CHARSET=utf8 COLLATE=utf8_unicode_ci;
/*!40101 SET character_set_client = @saved_cs_client */;

--
-- Dumping data for table `core_file`
--

LOCK TABLES `core_file` WRITE;
/*!40000 ALTER TABLE `core_file` DISABLE KEYS */;
INSERT INTO `core_file` VALUES (125,'export_users_csv.xml',125,2523,'application/xml','2005-10-10 08:10:10'),(126,'export_users_xml.xml',126,259,'application/xml','2005-10-10 08:10:10'),(127,'export_users_csv.xml',127,1861,'application/xml',NULL),(128,'export_users_xml.xml',128,259,'application/xml',NULL);
/*!40000 ALTER TABLE `core_file` ENABLE KEYS */;
UNLOCK TABLES;

--
-- Table structure for table `core_id_generator`
--

DROP TABLE IF EXISTS `core_id_generator`;
/*!40101 SET @saved_cs_client     = @@character_set_client */;
/*!40101 SET character_set_client = utf8 */;
CREATE TABLE `core_id_generator` (
  `class_name` varchar(250) COLLATE utf8_unicode_ci NOT NULL DEFAULT '',
  `current_value` int(11) NOT NULL DEFAULT '0',
  PRIMARY KEY (`class_name`)
) ENGINE=MyISAM DEFAULT CHARSET=utf8 COLLATE=utf8_unicode_ci;
/*!40101 SET character_set_client = @saved_cs_client */;

--
-- Dumping data for table `core_id_generator`
--

LOCK TABLES `core_id_generator` WRITE;
/*!40000 ALTER TABLE `core_id_generator` DISABLE KEYS */;
/*!40000 ALTER TABLE `core_id_generator` ENABLE KEYS */;
UNLOCK TABLES;

--
-- Table structure for table `core_indexer_action`
--

DROP TABLE IF EXISTS `core_indexer_action`;
/*!40101 SET @saved_cs_client     = @@character_set_client */;
/*!40101 SET character_set_client = utf8 */;
CREATE TABLE `core_indexer_action` (
  `id_action` int(11) NOT NULL DEFAULT '0',
  `id_document` varchar(255) COLLATE utf8_unicode_ci NOT NULL,
  `id_task` int(11) NOT NULL DEFAULT '0',
  `indexer_name` varchar(255) COLLATE utf8_unicode_ci NOT NULL,
  `id_portlet` int(11) NOT NULL DEFAULT '0',
  PRIMARY KEY (`id_action`)
) ENGINE=MyISAM DEFAULT CHARSET=utf8 COLLATE=utf8_unicode_ci;
/*!40101 SET character_set_client = @saved_cs_client */;

--
-- Dumping data for table `core_indexer_action`
--

LOCK TABLES `core_indexer_action` WRITE;
/*!40000 ALTER TABLE `core_indexer_action` DISABLE KEYS */;
/*!40000 ALTER TABLE `core_indexer_action` ENABLE KEYS */;
UNLOCK TABLES;

--
-- Table structure for table `core_level_right`
--

DROP TABLE IF EXISTS `core_level_right`;
/*!40101 SET @saved_cs_client     = @@character_set_client */;
/*!40101 SET character_set_client = utf8 */;
CREATE TABLE `core_level_right` (
  `id_level` smallint(6) NOT NULL DEFAULT '0',
  `name` varchar(80) COLLATE utf8_unicode_ci DEFAULT NULL,
  PRIMARY KEY (`id_level`)
) ENGINE=MyISAM DEFAULT CHARSET=utf8 COLLATE=utf8_unicode_ci;
/*!40101 SET character_set_client = @saved_cs_client */;

--
-- Dumping data for table `core_level_right`
--

LOCK TABLES `core_level_right` WRITE;
/*!40000 ALTER TABLE `core_level_right` DISABLE KEYS */;
INSERT INTO `core_level_right` VALUES (0,'Niveau 0 - Droits de l\'administrateur technique'),(1,'Niveau 1 - Droits de l\'administrateur fonctionnel'),(2,'Niveau 2 - Droits du webmestre'),(3,'Niveau 3 - Droits de l\'assistant webmestre');
/*!40000 ALTER TABLE `core_level_right` ENABLE KEYS */;
UNLOCK TABLES;

--
-- Table structure for table `core_mail_item`
--

DROP TABLE IF EXISTS `core_mail_item`;
/*!40101 SET @saved_cs_client     = @@character_set_client */;
/*!40101 SET character_set_client = utf8 */;
CREATE TABLE `core_mail_item` (
  `id_mail_queue` int(11) NOT NULL DEFAULT '0',
  `mail_item` mediumblob,
  PRIMARY KEY (`id_mail_queue`)
) ENGINE=MyISAM DEFAULT CHARSET=utf8 COLLATE=utf8_unicode_ci;
/*!40101 SET character_set_client = @saved_cs_client */;

--
-- Dumping data for table `core_mail_item`
--

LOCK TABLES `core_mail_item` WRITE;
/*!40000 ALTER TABLE `core_mail_item` DISABLE KEYS */;
/*!40000 ALTER TABLE `core_mail_item` ENABLE KEYS */;
UNLOCK TABLES;

--
-- Table structure for table `core_mail_queue`
--

DROP TABLE IF EXISTS `core_mail_queue`;
/*!40101 SET @saved_cs_client     = @@character_set_client */;
/*!40101 SET character_set_client = utf8 */;
CREATE TABLE `core_mail_queue` (
  `id_mail_queue` int(11) NOT NULL AUTO_INCREMENT,
  `is_locked` smallint(6) DEFAULT '0',
  PRIMARY KEY (`id_mail_queue`),
  KEY `is_locked_core_mail_queue` (`is_locked`)
) ENGINE=MyISAM DEFAULT CHARSET=utf8 COLLATE=utf8_unicode_ci;
/*!40101 SET character_set_client = @saved_cs_client */;

--
-- Dumping data for table `core_mail_queue`
--

LOCK TABLES `core_mail_queue` WRITE;
/*!40000 ALTER TABLE `core_mail_queue` DISABLE KEYS */;
/*!40000 ALTER TABLE `core_mail_queue` ENABLE KEYS */;
UNLOCK TABLES;

--
-- Table structure for table `core_mode`
--

DROP TABLE IF EXISTS `core_mode`;
/*!40101 SET @saved_cs_client     = @@character_set_client */;
/*!40101 SET character_set_client = utf8 */;
CREATE TABLE `core_mode` (
  `id_mode` int(11) NOT NULL DEFAULT '0',
  `description_mode` varchar(255) COLLATE utf8_unicode_ci DEFAULT NULL,
  `path` varchar(50) COLLATE utf8_unicode_ci NOT NULL DEFAULT '',
  `output_xsl_method` varchar(50) COLLATE utf8_unicode_ci DEFAULT NULL,
  `output_xsl_version` varchar(50) COLLATE utf8_unicode_ci DEFAULT NULL,
  `output_xsl_media_type` varchar(50) COLLATE utf8_unicode_ci DEFAULT NULL,
  `output_xsl_encoding` varchar(50) COLLATE utf8_unicode_ci DEFAULT NULL,
  `output_xsl_indent` varchar(50) COLLATE utf8_unicode_ci DEFAULT NULL,
  `output_xsl_omit_xml_dec` varchar(50) COLLATE utf8_unicode_ci DEFAULT NULL,
  `output_xsl_standalone` varchar(50) COLLATE utf8_unicode_ci DEFAULT NULL,
  PRIMARY KEY (`id_mode`)
) ENGINE=MyISAM DEFAULT CHARSET=utf8 COLLATE=utf8_unicode_ci;
/*!40101 SET character_set_client = @saved_cs_client */;

--
-- Dumping data for table `core_mode`
--

LOCK TABLES `core_mode` WRITE;
/*!40000 ALTER TABLE `core_mode` DISABLE KEYS */;
INSERT INTO `core_mode` VALUES (0,'Normal','normal/','xml','1.0','text/xml','UTF-8','yes','yes','yes'),(1,'Administration','admin/','xml','1.0','text/xml','UTF-8','yes','yes','yes'),(2,'Wap','wml/','xml','1.0','text/xml','UTF-8','yes','yes','yes');
/*!40000 ALTER TABLE `core_mode` ENABLE KEYS */;
UNLOCK TABLES;

--
-- Table structure for table `core_page`
--

DROP TABLE IF EXISTS `core_page`;
/*!40101 SET @saved_cs_client     = @@character_set_client */;
/*!40101 SET character_set_client = utf8 */;
CREATE TABLE `core_page` (
  `id_page` int(11) NOT NULL DEFAULT '0',
  `id_parent` int(11) DEFAULT '0',
  `name` varchar(50) COLLATE utf8_unicode_ci NOT NULL DEFAULT '',
  `description` mediumtext COLLATE utf8_unicode_ci,
  `date_update` timestamp NOT NULL DEFAULT CURRENT_TIMESTAMP,
  `status` smallint(6) DEFAULT NULL,
  `page_order` int(11) DEFAULT '0',
  `id_template` int(11) DEFAULT NULL,
  `date_creation` timestamp NULL DEFAULT NULL,
  `role` varchar(50) COLLATE utf8_unicode_ci DEFAULT NULL,
  `code_theme` varchar(80) COLLATE utf8_unicode_ci DEFAULT NULL,
  `node_status` smallint(6) NOT NULL DEFAULT '1',
  `image_content` mediumblob,
  `mime_type` varchar(255) COLLATE utf8_unicode_ci DEFAULT 'NULL',
  `meta_keywords` varchar(255) COLLATE utf8_unicode_ci DEFAULT NULL,
  `meta_description` varchar(255) COLLATE utf8_unicode_ci DEFAULT NULL,
  `id_authorization_node` int(11) DEFAULT NULL,
  `display_date_update` smallint(6) NOT NULL DEFAULT '0',
  `is_manual_date_update` smallint(6) NOT NULL DEFAULT '0',
  PRIMARY KEY (`id_page`),
  KEY `index_page` (`id_template`,`id_parent`),
  KEY `index_childpage` (`id_parent`,`page_order`)
) ENGINE=MyISAM DEFAULT CHARSET=utf8 COLLATE=utf8_unicode_ci;
/*!40101 SET character_set_client = @saved_cs_client */;

--
-- Dumping data for table `core_page`
--

LOCK TABLES `core_page` WRITE;
/*!40000 ALTER TABLE `core_page` DISABLE KEYS */;
INSERT INTO `core_page` VALUES (1,0,'Home','Home Page','2014-06-08 15:20:44',1,1,4,'2003-09-08 22:38:01','none','default',0,'','application/octet-stream',NULL,NULL,1,0,0),(2,1,'Page 1','A child page','2014-06-08 16:23:42',0,1,2,'2014-06-08 16:23:42','none','default',1,NULL,'application/octet-stream',NULL,NULL,1,0,0);
/*!40000 ALTER TABLE `core_page` ENABLE KEYS */;
UNLOCK TABLES;

--
-- Table structure for table `core_page_template`
--

DROP TABLE IF EXISTS `core_page_template`;
/*!40101 SET @saved_cs_client     = @@character_set_client */;
/*!40101 SET character_set_client = utf8 */;
CREATE TABLE `core_page_template` (
  `id_template` int(11) NOT NULL DEFAULT '0',
  `description` varchar(50) COLLATE utf8_unicode_ci DEFAULT NULL,
  `file_name` varchar(100) COLLATE utf8_unicode_ci DEFAULT NULL,
  `picture` varchar(50) COLLATE utf8_unicode_ci DEFAULT NULL,
  PRIMARY KEY (`id_template`)
) ENGINE=MyISAM DEFAULT CHARSET=utf8 COLLATE=utf8_unicode_ci;
/*!40101 SET character_set_client = @saved_cs_client */;

--
-- Dumping data for table `core_page_template`
--

LOCK TABLES `core_page_template` WRITE;
/*!40000 ALTER TABLE `core_page_template` DISABLE KEYS */;
INSERT INTO `core_page_template` VALUES (1,'Une colonne','skin/site/page_template1.html','page_template1.gif'),(2,'Deux colonnes','skin/site/page_template2.html','page_template2.gif'),(3,'Trois colonnes','skin/site/page_template3.html','page_template3.gif'),(4,'1 + 2 colonnes','skin/site/page_template4.html','page_template4.gif'),(5,'Deux colonnes égales','skin/site/page_template5.html','page_template5.gif'),(6,'Trois colonnes inégales','skin/site/page_template6.html','page_template6.gif');
/*!40000 ALTER TABLE `core_page_template` ENABLE KEYS */;
UNLOCK TABLES;

--
-- Table structure for table `core_physical_file`
--

DROP TABLE IF EXISTS `core_physical_file`;
/*!40101 SET @saved_cs_client     = @@character_set_client */;
/*!40101 SET character_set_client = utf8 */;
CREATE TABLE `core_physical_file` (
  `id_physical_file` int(11) NOT NULL DEFAULT '0',
  `file_value` mediumblob,
  PRIMARY KEY (`id_physical_file`)
) ENGINE=MyISAM DEFAULT CHARSET=utf8 COLLATE=utf8_unicode_ci;
/*!40101 SET character_set_client = @saved_cs_client */;

--
-- Dumping data for table `core_physical_file`
--

LOCK TABLES `core_physical_file` WRITE;
/*!40000 ALTER TABLE `core_physical_file` DISABLE KEYS */;
INSERT INTO `core_physical_file` VALUES (125,'<?xml version=\"1.0\"?>\r\n<xsl:stylesheet version=\"1.0\" xmlns:xsl=\"http://www.w3.org/1999/XSL/Transform\">\r\n	<xsl:output method=\"text\"/>\r\n	\r\n	<xsl:template match=\"users\">\r\n		<xsl:apply-templates select=\"user\" />\r\n	</xsl:template>\r\n	\r\n	<xsl:template match=\"user\">\r\n		<xsl:text>\"</xsl:text>\r\n		<xsl:value-of select=\"access_code\" />\r\n		<xsl:text>\";\"</xsl:text>\r\n		<xsl:value-of select=\"last_name\" />\r\n		<xsl:text>\";\"</xsl:text>\r\n		<xsl:value-of select=\"first_name\" />\r\n		<xsl:text>\";\"</xsl:text>\r\n		<xsl:value-of select=\"email\" />\r\n		<xsl:text>\";\"</xsl:text>\r\n		<xsl:value-of select=\"status\" />\r\n		<xsl:text>\";\"</xsl:text>\r\n		<xsl:value-of select=\"locale\" />\r\n		<xsl:text>\";\"</xsl:text>\r\n		<xsl:value-of select=\"level\" />\r\n		<xsl:text>\";\"</xsl:text>\r\n		<xsl:value-of select=\"must_change_password\" />\r\n		<xsl:text>\";\"</xsl:text>\r\n		<xsl:value-of select=\"accessibility_mode\" />\r\n		<xsl:text>\";\"</xsl:text>\r\n		<xsl:value-of select=\"password_max_valid_date\" />\r\n		<xsl:text>\";\"</xsl:text>\r\n		<xsl:value-of select=\"account_max_valid_date\" />\r\n		<xsl:text>\";\"</xsl:text>\r\n		<xsl:value-of select=\"date_last_login\" />\r\n		<xsl:text>\"</xsl:text>\r\n		<xsl:apply-templates select=\"roles\" />\r\n		<xsl:apply-templates select=\"rights\" />\r\n		<xsl:apply-templates select=\"workgroups\" />\r\n		<xsl:apply-templates select=\"attributes\" />\r\n		<xsl:text>&#10;</xsl:text>\r\n	</xsl:template>\r\n	\r\n	<xsl:template match=\"roles\">\r\n		<xsl:apply-templates select=\"role\" />\r\n	</xsl:template>\r\n	\r\n	<xsl:template match=\"role\">\r\n		<xsl:text>;\"role:</xsl:text>\r\n		<xsl:value-of select=\"current()\" />\r\n		<xsl:text>\"</xsl:text>\r\n	</xsl:template>\r\n	\r\n	<xsl:template match=\"rights\">\r\n		<xsl:apply-templates select=\"right\" />\r\n	</xsl:template>\r\n	\r\n	<xsl:template match=\"right\">\r\n		<xsl:text>;\"right:</xsl:text>\r\n		<xsl:value-of select=\"current()\" />\r\n		<xsl:text>\"</xsl:text>\r\n	</xsl:template>\r\n	\r\n	<xsl:template match=\"workgroups\">\r\n		<xsl:apply-templates select=\"workgroup\" />\r\n	</xsl:template>\r\n	\r\n	<xsl:template match=\"workgroup\">\r\n		<xsl:text>;\"workgroup:</xsl:text>\r\n		<xsl:value-of select=\"current()\" />\r\n		<xsl:text>\"</xsl:text>\r\n	</xsl:template>\r\n	\r\n	<xsl:template match=\"attributes\">\r\n		<xsl:apply-templates select=\"attribute\" />\r\n	</xsl:template>\r\n	\r\n	<xsl:template match=\"attribute\">\r\n		<xsl:text>;\"</xsl:text>\r\n		<xsl:value-of select=\"attribute-id\" />\r\n		<xsl:text>:</xsl:text>\r\n		<xsl:value-of select=\"attribute-field-id\" />\r\n		<xsl:text>:</xsl:text>\r\n		<xsl:value-of select=\"attribute-value\" />\r\n		<xsl:text>\"</xsl:text>\r\n	</xsl:template>\r\n	\r\n</xsl:stylesheet>'),(126,'<?xml version=\"1.0\" ?>\r\n<xsl:stylesheet version=\"1.0\" xmlns:xsl=\"http://www.w3.org/1999/XSL/Transform\">\r\n	<xsl:template match=\"/ | @* | node()\">\r\n		<xsl:copy>\r\n			<xsl:apply-templates select=\"@* | node()\" />\r\n		</xsl:copy>\r\n	</xsl:template>\r\n</xsl:stylesheet>'),(127,'<?xml version=\"1.0\"?>\r\n<xsl:stylesheet version=\"1.0\" xmlns:xsl=\"http://www.w3.org/1999/XSL/Transform\">\r\n	<xsl:output method=\"text\"/>\r\n	\r\n	<xsl:template match=\"users\">\r\n		<xsl:apply-templates select=\"user\" />\r\n	</xsl:template>\r\n	\r\n	<xsl:template match=\"user\">\r\n		<xsl:text>\"</xsl:text>\r\n		<xsl:value-of select=\"access_code\" />\r\n		<xsl:text>\";\"</xsl:text>\r\n		<xsl:value-of select=\"last_name\" />\r\n		<xsl:text>\";\"</xsl:text>\r\n		<xsl:value-of select=\"first_name\" />\r\n		<xsl:text>\";\"</xsl:text>\r\n		<xsl:value-of select=\"email\" />\r\n		<xsl:text>\";\"</xsl:text>\r\n		<xsl:value-of select=\"status\" />\r\n		<xsl:text>\";\"</xsl:text>\r\n		<xsl:value-of select=\"password_max_valid_date\" />\r\n		<xsl:text>\";\"</xsl:text>\r\n		<xsl:value-of select=\"account_max_valid_date\" />\r\n		<xsl:text>\"</xsl:text>\r\n		<xsl:apply-templates select=\"roles\" />\r\n		<xsl:apply-templates select=\"groups\" />\r\n		<xsl:apply-templates select=\"attributes\" />\r\n		<xsl:text>&#10;</xsl:text>\r\n	</xsl:template>\r\n	\r\n	<xsl:template match=\"roles\">\r\n		<xsl:apply-templates select=\"role\" />\r\n	</xsl:template>\r\n	\r\n	<xsl:template match=\"role\">\r\n		<xsl:text>;\"role:</xsl:text>\r\n		<xsl:value-of select=\"current()\" />\r\n		<xsl:text>\"</xsl:text>\r\n	</xsl:template>\r\n	\r\n	<xsl:template match=\"groups\">\r\n		<xsl:apply-templates select=\"group\" />\r\n	</xsl:template>\r\n	\r\n	<xsl:template match=\"group\">\r\n		<xsl:text>;\"group:</xsl:text>\r\n		<xsl:value-of select=\"current()\" />\r\n		<xsl:text>\"</xsl:text>\r\n	</xsl:template>\r\n	\r\n	<xsl:template match=\"attributes\">\r\n		<xsl:apply-templates select=\"attribute\" />\r\n	</xsl:template>\r\n	\r\n	<xsl:template match=\"attribute\">\r\n		<xsl:text>;\"</xsl:text>\r\n		<xsl:value-of select=\"attribute-id\" />\r\n		<xsl:text>:</xsl:text>\r\n		<xsl:value-of select=\"attribute-field-id\" />\r\n		<xsl:text>:</xsl:text>\r\n		<xsl:value-of select=\"attribute-value\" />\r\n		<xsl:text>\"</xsl:text>\r\n	</xsl:template>\r\n	\r\n</xsl:stylesheet>'),(128,'<?xml version=\"1.0\" ?>\r\n<xsl:stylesheet version=\"1.0\" xmlns:xsl=\"http://www.w3.org/1999/XSL/Transform\">\r\n	<xsl:template match=\"/ | @* | node()\">\r\n		<xsl:copy>\r\n			<xsl:apply-templates select=\"@* | node()\" />\r\n		</xsl:copy>\r\n	</xsl:template>\r\n</xsl:stylesheet>');
/*!40000 ALTER TABLE `core_physical_file` ENABLE KEYS */;
UNLOCK TABLES;

--
-- Table structure for table `core_portal_component`
--

DROP TABLE IF EXISTS `core_portal_component`;
/*!40101 SET @saved_cs_client     = @@character_set_client */;
/*!40101 SET character_set_client = utf8 */;
CREATE TABLE `core_portal_component` (
  `id_portal_component` int(11) NOT NULL DEFAULT '0',
  `name` varchar(50) COLLATE utf8_unicode_ci DEFAULT NULL,
  PRIMARY KEY (`id_portal_component`)
) ENGINE=MyISAM DEFAULT CHARSET=utf8 COLLATE=utf8_unicode_ci;
/*!40101 SET character_set_client = @saved_cs_client */;

--
-- Dumping data for table `core_portal_component`
--

LOCK TABLES `core_portal_component` WRITE;
/*!40000 ALTER TABLE `core_portal_component` DISABLE KEYS */;
INSERT INTO `core_portal_component` VALUES (0,'Rubrique'),(1,'Article'),(2,'Rubrique Liste Article'),(3,'Menu Init'),(4,'Menu Principal'),(5,'Chemin Page'),(6,'Plan du site'),(7,'Arborescence'),(8,'Plan du site admin');
/*!40000 ALTER TABLE `core_portal_component` ENABLE KEYS */;
UNLOCK TABLES;

--
-- Table structure for table `core_portlet`
--

DROP TABLE IF EXISTS `core_portlet`;
/*!40101 SET @saved_cs_client     = @@character_set_client */;
/*!40101 SET character_set_client = utf8 */;
CREATE TABLE `core_portlet` (
  `id_portlet` int(11) NOT NULL DEFAULT '0',
  `id_portlet_type` varchar(50) COLLATE utf8_unicode_ci DEFAULT NULL,
  `id_page` int(11) DEFAULT NULL,
  `name` varchar(70) COLLATE utf8_unicode_ci DEFAULT NULL,
  `date_update` timestamp NOT NULL DEFAULT CURRENT_TIMESTAMP,
  `status` smallint(6) NOT NULL DEFAULT '0',
  `portlet_order` int(11) DEFAULT NULL,
  `column_no` int(11) DEFAULT NULL,
  `id_style` int(11) DEFAULT NULL,
  `accept_alias` smallint(6) DEFAULT NULL,
  `date_creation` timestamp NULL DEFAULT NULL,
  `display_portlet_title` int(11) NOT NULL DEFAULT '0',
  `role` varchar(50) COLLATE utf8_unicode_ci DEFAULT NULL,
  `device_display_flags` int(11) NOT NULL DEFAULT '15',
  PRIMARY KEY (`id_portlet`),
  KEY `index_portlet` (`id_page`,`id_portlet_type`,`id_style`)
) ENGINE=MyISAM DEFAULT CHARSET=utf8 COLLATE=utf8_unicode_ci;
/*!40101 SET character_set_client = @saved_cs_client */;

--
-- Dumping data for table `core_portlet`
--

LOCK TABLES `core_portlet` WRITE;
/*!40000 ALTER TABLE `core_portlet` DISABLE KEYS */;
INSERT INTO `core_portlet` VALUES (85,'CHILDPAGES_PORTLET',5,'Pages filles','2007-11-24 16:15:10',0,1,5,300,0,'2007-11-24 16:14:58',1,NULL,15),(87,'CHILDPAGES_PORTLET',3,'Pages filles','2007-11-24 16:21:01',0,1,5,300,0,'2007-11-24 16:19:50',1,NULL,15),(88,'CHILDPAGES_PORTLET',10,'Pages filles','2007-11-24 16:20:37',0,1,5,301,0,'2007-11-24 16:20:37',1,NULL,15),(89,'CHILDPAGES_PORTLET',9,'Pages filles','2007-11-24 16:23:06',0,1,5,301,0,'2007-11-24 16:21:47',1,NULL,15),(83,'CHILDPAGES_PORTLET',1,'Pages filles','2007-11-24 15:11:33',0,1,5,300,0,'2007-11-24 15:11:33',1,NULL,15),(1,'HTML_PORTLET',1,'Qu\'est-ce que Lutece ?','2019-02-08 09:19:12',0,1,1,100,0,'2011-03-14 12:13:39',1,'none',273),(2,'HTML_PORTLET',1,'Software overview','2014-06-08 15:58:00',0,1,2,100,0,'2012-09-18 06:35:45',0,'none',273),(3,'HTML_PORTLET',1,'Back Office quick access','2014-06-08 15:49:37',0,1,3,100,0,'2009-05-15 02:38:08',0,'none',273),(4,'HTML_PORTLET',2,'Page 1','2014-06-08 16:28:50',0,1,1,100,0,'2014-06-08 16:27:59',0,'none',273),(90,'HTML_PORTLET',1,'Formulaires de test','2019-02-08 09:25:34',0,2,1,101,0,'2019-02-08 09:18:18',0,'none',4369);
/*!40000 ALTER TABLE `core_portlet` ENABLE KEYS */;
UNLOCK TABLES;

--
-- Table structure for table `core_portlet_alias`
--

DROP TABLE IF EXISTS `core_portlet_alias`;
/*!40101 SET @saved_cs_client     = @@character_set_client */;
/*!40101 SET character_set_client = utf8 */;
CREATE TABLE `core_portlet_alias` (
  `id_portlet` int(11) NOT NULL DEFAULT '0',
  `id_alias` int(11) NOT NULL DEFAULT '0',
  PRIMARY KEY (`id_portlet`,`id_alias`)
) ENGINE=MyISAM DEFAULT CHARSET=utf8 COLLATE=utf8_unicode_ci;
/*!40101 SET character_set_client = @saved_cs_client */;

--
-- Dumping data for table `core_portlet_alias`
--

LOCK TABLES `core_portlet_alias` WRITE;
/*!40000 ALTER TABLE `core_portlet_alias` DISABLE KEYS */;
/*!40000 ALTER TABLE `core_portlet_alias` ENABLE KEYS */;
UNLOCK TABLES;

--
-- Table structure for table `core_portlet_type`
--

DROP TABLE IF EXISTS `core_portlet_type`;
/*!40101 SET @saved_cs_client     = @@character_set_client */;
/*!40101 SET character_set_client = utf8 */;
CREATE TABLE `core_portlet_type` (
  `id_portlet_type` varchar(50) COLLATE utf8_unicode_ci NOT NULL DEFAULT '0',
  `name` varchar(255) COLLATE utf8_unicode_ci DEFAULT NULL,
  `url_creation` varchar(255) COLLATE utf8_unicode_ci DEFAULT NULL,
  `url_update` varchar(255) COLLATE utf8_unicode_ci DEFAULT NULL,
  `home_class` varchar(255) COLLATE utf8_unicode_ci DEFAULT NULL,
  `plugin_name` varchar(50) COLLATE utf8_unicode_ci DEFAULT NULL,
  `url_docreate` varchar(255) COLLATE utf8_unicode_ci DEFAULT NULL,
  `create_script` varchar(255) COLLATE utf8_unicode_ci DEFAULT NULL,
  `create_specific` varchar(255) COLLATE utf8_unicode_ci DEFAULT NULL,
  `create_specific_form` varchar(255) COLLATE utf8_unicode_ci DEFAULT NULL,
  `url_domodify` varchar(255) COLLATE utf8_unicode_ci DEFAULT NULL,
  `modify_script` varchar(255) COLLATE utf8_unicode_ci DEFAULT NULL,
  `modify_specific` varchar(255) COLLATE utf8_unicode_ci DEFAULT NULL,
  `modify_specific_form` varchar(255) COLLATE utf8_unicode_ci DEFAULT NULL,
  PRIMARY KEY (`id_portlet_type`)
) ENGINE=MyISAM DEFAULT CHARSET=utf8 COLLATE=utf8_unicode_ci;
/*!40101 SET character_set_client = @saved_cs_client */;

--
-- Dumping data for table `core_portlet_type`
--

LOCK TABLES `core_portlet_type` WRITE;
/*!40000 ALTER TABLE `core_portlet_type` DISABLE KEYS */;
INSERT INTO `core_portlet_type` VALUES ('ALIAS_PORTLET','portal.site.portletAlias.name','plugins/alias/CreatePortletAlias.jsp','plugins/alias/ModifyPortletAlias.jsp','fr.paris.lutece.portal.business.portlet.AliasPortletHome','alias','plugins/alias/DoCreatePortletAlias.jsp','/admin/portlet/script_create_portlet.html','/admin/portlet/alias/create_portlet_alias.html','','plugins/alias/DoModifyPortletAlias.jsp','/admin/portlet/script_modify_portlet.html','/admin/portlet/alias/modify_portlet_alias.html',''),('CHILDPAGES_PORTLET','childpages.portlet.name','plugins/childpages/CreatePortletChildPages.jsp','plugins/childpages/ModifyPortletChildPages.jsp','fr.paris.lutece.plugins.childpages.business.portlet.ChildPagesPortletHome','childpages','plugins/childpages/DoCreatePortletChildPages.jsp','/admin/portlet/script_create_portlet.html','/admin/plugins/childpages/value_id_parent.html','','plugins/childpages/DoModifyPortletChildPages.jsp','/admin/portlet/script_modify_portlet.html','/admin/plugins/childpages/value_id_parent.html',''),('HTML_PORTLET','html.portlet.name','plugins/html/CreatePortletHtml.jsp','plugins/html/ModifyPortletHtml.jsp','fr.paris.lutece.plugins.html.business.portlet.HtmlPortletHome','html','plugins/html/DoCreatePortletHtml.jsp','/admin/portlet/script_create_portlet.html','/admin/plugins/html/portlet_html.html','','plugins/html/DoModifyPortletHtml.jsp','/admin/portlet/script_modify_portlet.html','/admin/plugins/html/portlet_html.html',''),('HTML_UNTRANSFORMED_PORTLET','html.portlet.untransformed.name','plugins/html/CreatePortletHtml.jsp','plugins/html/ModifyPortletHtml.jsp','fr.paris.lutece.plugins.html.business.portlet.UntransformedHtmlPortletHome','html','plugins/html/DoCreatePortletHtml.jsp','/admin/portlet/script_create_portlet.html','/admin/plugins/html/portlet_html.html','','plugins/html/DoModifyPortletHtml.jsp','/admin/portlet/script_modify_portlet.html','/admin/plugins/html/portlet_html.html',''),('MYDASHBOARD_PORTLET','mydashboard.portlet.myDashboardPortlet.name','plugins/mydashboard/GetCreateMyDashboardPortlet.jsp','plugins/mydashboard/GetModifyMyDashboardPortlet.jsp','fr.paris.lutece.plugins.mydashboard.business.portlet.MyDashboardPortletHome','mydashboard','plugins/mydashboard/DoCreateMyDashboardPortlet.jsp','/admin/portlet/script_create_portlet.html','','','plugins/mydashboard/DoModifyMyDashboardPortlet.jsp','/admin/portlet/script_modify_portlet.html','',''),('MYLUTECE_PORTLET','mylutece.portlet.name','plugins/mylutece/CreatePortletMyLutece.jsp','plugins/mylutece/ModifyPortletMyLutece.jsp','fr.paris.lutece.plugins.mylutece.business.portlet.MyLutecePortletHome','mylutece','plugins/mylutece/DoCreatePortletMyLutece.jsp','/admin/portlet/script_create_portlet.html','','','plugins/mylutece/DoModifyPortletMyLutece.jsp','/admin/portlet/script_modify_portlet.html','',''),('CRM_DEMAND_TYPE_PORTLET','crm.portlet.demandType.name','plugins/crm/CreateDemandTypePortlet.jsp','plugins/crm/ModifyDemandTypePortlet.jsp','fr.paris.lutece.plugins.crm.business.portlet.DemandTypePortletHome','crm','jsp/admin/plugins/crm/DoCreateDemandTypePortlet.jsp','','/admin/plugins/crm/portlet/list_category.html','','jsp/admin/plugins/crm/DoModifyDemandTypePortlet.jsp','','/admin/plugins/crm/portlet/list_category.html','');
/*!40000 ALTER TABLE `core_portlet_type` ENABLE KEYS */;
UNLOCK TABLES;

--
-- Table structure for table `core_role`
--

DROP TABLE IF EXISTS `core_role`;
/*!40101 SET @saved_cs_client     = @@character_set_client */;
/*!40101 SET character_set_client = utf8 */;
CREATE TABLE `core_role` (
  `role` varchar(50) COLLATE utf8_unicode_ci NOT NULL DEFAULT '',
  `role_description` varchar(255) COLLATE utf8_unicode_ci DEFAULT NULL,
  `workgroup_key` varchar(50) COLLATE utf8_unicode_ci NOT NULL DEFAULT '',
  PRIMARY KEY (`role`)
) ENGINE=MyISAM DEFAULT CHARSET=utf8 COLLATE=utf8_unicode_ci;
/*!40101 SET character_set_client = @saved_cs_client */;

--
-- Dumping data for table `core_role`
--

LOCK TABLES `core_role` WRITE;
/*!40000 ALTER TABLE `core_role` DISABLE KEYS */;
/*!40000 ALTER TABLE `core_role` ENABLE KEYS */;
UNLOCK TABLES;

--
-- Table structure for table `core_search_parameter`
--

DROP TABLE IF EXISTS `core_search_parameter`;
/*!40101 SET @saved_cs_client     = @@character_set_client */;
/*!40101 SET character_set_client = utf8 */;
CREATE TABLE `core_search_parameter` (
  `parameter_key` varchar(100) COLLATE utf8_unicode_ci NOT NULL,
  `parameter_value` mediumtext COLLATE utf8_unicode_ci,
  PRIMARY KEY (`parameter_key`)
) ENGINE=MyISAM DEFAULT CHARSET=utf8 COLLATE=utf8_unicode_ci;
/*!40101 SET character_set_client = @saved_cs_client */;

--
-- Dumping data for table `core_search_parameter`
--

LOCK TABLES `core_search_parameter` WRITE;
/*!40000 ALTER TABLE `core_search_parameter` DISABLE KEYS */;
INSERT INTO `core_search_parameter` VALUES ('type_filter','none'),('default_operator','OR'),('help_message','Message d aide pour la recherche'),('date_filter','0'),('tag_filter','0'),('taglist',NULL);
/*!40000 ALTER TABLE `core_search_parameter` ENABLE KEYS */;
UNLOCK TABLES;

--
-- Table structure for table `core_style`
--

DROP TABLE IF EXISTS `core_style`;
/*!40101 SET @saved_cs_client     = @@character_set_client */;
/*!40101 SET character_set_client = utf8 */;
CREATE TABLE `core_style` (
  `id_style` int(11) NOT NULL DEFAULT '0',
  `description_style` varchar(100) COLLATE utf8_unicode_ci NOT NULL DEFAULT '',
  `id_portlet_type` varchar(50) COLLATE utf8_unicode_ci DEFAULT NULL,
  `id_portal_component` int(11) NOT NULL DEFAULT '0',
  PRIMARY KEY (`id_style`),
  KEY `index_style` (`id_portlet_type`)
) ENGINE=MyISAM DEFAULT CHARSET=utf8 COLLATE=utf8_unicode_ci;
/*!40101 SET character_set_client = @saved_cs_client */;

--
-- Dumping data for table `core_style`
--

LOCK TABLES `core_style` WRITE;
/*!40000 ALTER TABLE `core_style` DISABLE KEYS */;
INSERT INTO `core_style` VALUES (3,'Menu Init','',3),(4,'Main Menu','',4),(5,'Chemin Page','',5),(6,'Plan du site','',6),(7,'Arborescence','',7),(8,'Plan du Site Admin',NULL,8),(300,'Défaut','CHILDPAGES_PORTLET',0),(301,'Image + lien','CHILDPAGES_PORTLET',0),(1012,'Liste des types de demande CRM','CRM_DEMAND_TYPE_PORTLET',0),(100,'Défaut','HTML_PORTLET',0),(101,'Fond coloré','HTML_PORTLET',0),(200,'Défaut','MYLUTECE_PORTLET',0);
/*!40000 ALTER TABLE `core_style` ENABLE KEYS */;
UNLOCK TABLES;

--
-- Table structure for table `core_style_mode_stylesheet`
--

DROP TABLE IF EXISTS `core_style_mode_stylesheet`;
/*!40101 SET @saved_cs_client     = @@character_set_client */;
/*!40101 SET character_set_client = utf8 */;
CREATE TABLE `core_style_mode_stylesheet` (
  `id_style` int(11) NOT NULL DEFAULT '0',
  `id_mode` int(11) NOT NULL DEFAULT '0',
  `id_stylesheet` int(11) NOT NULL DEFAULT '0',
  PRIMARY KEY (`id_style`,`id_mode`,`id_stylesheet`),
  KEY `index_style_mode_stylesheet` (`id_stylesheet`,`id_mode`)
) ENGINE=MyISAM DEFAULT CHARSET=utf8 COLLATE=utf8_unicode_ci;
/*!40101 SET character_set_client = @saved_cs_client */;

--
-- Dumping data for table `core_style_mode_stylesheet`
--

LOCK TABLES `core_style_mode_stylesheet` WRITE;
/*!40000 ALTER TABLE `core_style_mode_stylesheet` DISABLE KEYS */;
INSERT INTO `core_style_mode_stylesheet` VALUES (3,0,211),(4,0,213),(5,0,215),(6,0,217),(7,0,253),(8,1,279),(100,0,10),(101,0,285),(200,0,310),(300,0,30),(301,0,9006),(1012,0,809);
/*!40000 ALTER TABLE `core_style_mode_stylesheet` ENABLE KEYS */;
UNLOCK TABLES;

--
-- Table structure for table `core_stylesheet`
--

DROP TABLE IF EXISTS `core_stylesheet`;
/*!40101 SET @saved_cs_client     = @@character_set_client */;
/*!40101 SET character_set_client = utf8 */;
CREATE TABLE `core_stylesheet` (
  `id_stylesheet` int(11) NOT NULL DEFAULT '0',
  `description` varchar(255) COLLATE utf8_unicode_ci DEFAULT NULL,
  `file_name` varchar(255) COLLATE utf8_unicode_ci DEFAULT NULL,
  `source` mediumblob,
  PRIMARY KEY (`id_stylesheet`)
) ENGINE=MyISAM DEFAULT CHARSET=utf8 COLLATE=utf8_unicode_ci;
/*!40101 SET character_set_client = @saved_cs_client */;

--
-- Dumping data for table `core_stylesheet`
--

LOCK TABLES `core_stylesheet` WRITE;
/*!40000 ALTER TABLE `core_stylesheet` DISABLE KEYS */;
INSERT INTO `core_stylesheet` VALUES (253,'Pages filles - Arborescence','menu_tree.xsl','<?xml version=\"1.0\"?>\r\n<xsl:stylesheet version=\"1.0\" xmlns:xsl=\"http://www.w3.org/1999/XSL/Transform\">\r\n\r\n<xsl:param name=\"site-path\" select=\"site-path\" />\r\n\r\n<xsl:template match=\"menu-list\">\r\n	<xsl:variable name=\"menu-list\" select=\"menu\" />\r\n\r\n	<script type=\"text/javascript\">\r\n		$(document).ready(function(){\r\n			$(\"#tree\").treeview({\r\n				animated: \"fast\",\r\n				collapsed: false,\r\n				unique: true,\r\n				persist: \"cookie\"\r\n			});\r\n		\r\n		});\r\n	</script>    \r\n	\r\n	<!-- Menu Tree -->      \r\n	<xsl:if test=\"not(string(menu)=\'\')\">\r\n	    <xsl:text disable-output-escaping=\"yes\">		    \r\n            <div class=\"tree4\">		\r\n			<h2>&#160;</h2>\r\n			<ul id=\"tree\" class=\"tree4\">\r\n                <xsl:apply-templates select=\"menu\" />        \r\n			</ul>	\r\n			</div>\r\n			 <br />\r\n		</xsl:text> \r\n	</xsl:if>\r\n</xsl:template>\r\n\r\n\r\n<xsl:template match=\"menu\">\r\n    <xsl:variable name=\"index\">\r\n		<xsl:number level=\"single\" value=\"position()\" />\r\n    </xsl:variable>\r\n		<li>\r\n    <!--<xsl:if test=\"$index &lt; 7\">-->        \r\n          <a href=\"{$site-path}?page_id={page-id}\" target=\"_top\" >\r\n               <xsl:value-of select=\"page-name\" />\r\n           </a>	   \r\n		   <br />\r\n		   <xsl:value-of select=\"page-description\" />\r\n		   <!--<xsl:value-of select=\"page-description\" /><br />-->					\r\n			<xsl:apply-templates select=\"sublevel-menu-list\" /> \r\n			\r\n		</li>	\r\n    <!--</xsl:if>-->\r\n		\r\n</xsl:template>\r\n\r\n<xsl:template match=\"sublevel-menu-list\" > \r\n	\r\n	<xsl:apply-templates select=\"sublevel-menu\" />		\r\n\r\n</xsl:template>\r\n\r\n\r\n<xsl:template match=\"sublevel-menu\">\r\n   <xsl:variable name=\"index_sous_menu\">\r\n         <xsl:number level=\"single\" value=\"position()\" />\r\n   </xsl:variable>\r\n		 <ul >\r\n			<li>\r\n<!--	<span> -->\r\n				<a href=\"{$site-path}?page_id={page-id}\" target=\"_top\">\r\n					<xsl:value-of select=\"page-name\" />\r\n				</a>\r\n			</li>			\r\n		</ul>\r\n	<!--</span>	-->\r\n		\r\n   \r\n</xsl:template>\r\n\r\n</xsl:stylesheet>\r\n'),(215,'Chemin page','page_path.xsl','<?xml version=\"1.0\"?>\r\n<xsl:stylesheet version=\"1.0\" xmlns:xsl=\"http://www.w3.org/1999/XSL/Transform\">\r\n\r\n<xsl:param name=\"site-path\" select=\"site-path\" />\r\n\r\n\r\n<xsl:template match=\"page\">\r\n		<xsl:if test=\"position()!=last()-1\">\r\n			<a href=\"{$site-path}?page_id={page-id}\" target=\"_top\"><xsl:value-of select=\"page-name\" /></a> >\r\n		</xsl:if>\r\n		<xsl:if test=\"position()=last()-1\">\r\n			<xsl:value-of select=\"page-name\" />\r\n		</xsl:if>\r\n</xsl:template>\r\n\r\n\r\n<xsl:template match=\"page_link\">\r\n		<xsl:if test=\"position()!=last()-1\">\r\n			<a href=\"{$site-path}?{page-url}\" target=\"_top\"><xsl:value-of select=\"page-name\" /></a> >\r\n		</xsl:if>\r\n		<xsl:if test=\"position()=last()-1\">\r\n			<xsl:value-of select=\"page-name\" />\r\n		</xsl:if>\r\n</xsl:template>\r\n\r\n\r\n</xsl:stylesheet>'),(213,'Menu principal','menu_main.xsl','<?xml version=\"1.0\"?>\r\n<xsl:stylesheet version=\"1.0\"\r\n	xmlns:xsl=\"http://www.w3.org/1999/XSL/Transform\">\r\n\r\n	<xsl:param name=\"site-path\" select=\"site-path\" />\r\n\r\n	<xsl:template match=\"menu-list\">\r\n		<xsl:apply-templates select=\"menu\" />\r\n	</xsl:template>\r\n\r\n	<xsl:template match=\"menu\">\r\n		<li>\r\n			<a href=\"{$site-path}?page_id={page-id}\" class=\"first-level\" target=\"_top\">\r\n					<xsl:value-of select=\"page-name\" />\r\n			</a>\r\n		</li>\r\n	</xsl:template>\r\n\r\n</xsl:stylesheet>\r\n\r\n'),(211,'Menu Init','menu_init.xsl','<?xml version=\"1.0\"?>\r\n<xsl:stylesheet version=\"1.0\" xmlns:xsl=\"http://www.w3.org/1999/XSL/Transform\">\r\n\r\n<xsl:param name=\"site-path\" select=\"site-path\" />\r\n\r\n<xsl:template match=\"menu-list\">\r\n<br /><br />\r\n	<div id=\"menu-init\">\r\n		<div id=\"menu-init-content\">\r\n            <ul id=\"menu-verti\">\r\n                <xsl:apply-templates select=\"menu\" />\r\n            </ul>\r\n        </div>\r\n     </div>\r\n</xsl:template>\r\n\r\n\r\n<xsl:template match=\"menu\">\r\n    <xsl:variable name=\"index\">\r\n	<xsl:number level=\"single\" value=\"position()\" />\r\n    </xsl:variable>\r\n\r\n    <xsl:if test=\"$index &gt; 7\">\r\n        <li class=\"first-verti\">\r\n		<a href=\"{$site-path}?page_id={page-id}\" target=\"_top\">\r\n				<xsl:value-of select=\"page-name\" />\r\n		</a>\r\n	    <xsl:apply-templates select=\"sublevel-menu-list\" />\r\n        </li>\r\n   </xsl:if>\r\n</xsl:template>\r\n\r\n<xsl:template match=\"sublevel-menu-list\" >\r\n	<ul>\r\n	<li class=\"last-verti\">\r\n			<xsl:apply-templates select=\"sublevel-menu\" />\r\n	    </li>\r\n    </ul>\r\n</xsl:template>\r\n\r\n<xsl:template match=\"sublevel-menu\">\r\n   <xsl:variable name=\"index_sous_menu\">\r\n         <xsl:number level=\"single\" value=\"position()\" />\r\n   </xsl:variable>\r\n\r\n   <a href=\"{$site-path}?page_id={page-id}\" target=\"_top\">\r\n		<span><xsl:value-of select=\"page-name\" /></span>\r\n   </a>\r\n</xsl:template>\r\n\r\n</xsl:stylesheet>\r\n'),(217,'Plan du site','site_map.xsl','<?xml version=\"1.0\" encoding=\"ISO-8859-1\"?>\r\n<xsl:stylesheet version=\"1.0\" xmlns:xsl=\"http://www.w3.org/1999/XSL/Transform\">\r\n\r\n<xsl:param name=\"site-path\" select=\"site-path\" />\r\n\r\n\r\n<xsl:template match=\"page[page-level=0]\">\r\n	<div class=\"span-15 prepend-1 append-1 append-bottom\">\r\n		<div class=\"portlet -lutece-border-radius\">\r\n			<xsl:apply-templates select=\"child-pages-list\" />\r\n		</div>\r\n	</div>\r\n</xsl:template>\r\n\r\n\r\n<xsl:template match=\"page[page-level=1]\" >\r\n<ul class=\"site-map-level-one\">\r\n	<li>\r\n		<a href=\"{$site-path}?page_id={page-id}\" target=\"_top\">\r\n			<xsl:value-of select=\"page-name\" />\r\n		</a>\r\n		<xsl:apply-templates select=\"page-description\" />\r\n		<xsl:apply-templates select=\"page-image\" />\r\n		<xsl:apply-templates select=\"child-pages-list\" />\r\n	    <xsl:text disable-output-escaping=\"yes\">\r\n		    <![CDATA[<div class=\"clear\">&#160;</div>]]>\r\n	    </xsl:text>\r\n	</li>\r\n</ul>\r\n</xsl:template>\r\n\r\n\r\n<xsl:template match=\"page[page-level=2]\" >\r\n<ul class=\"site-map-level-two\">\r\n	<li>\r\n		<a href=\"{$site-path}?page_id={page-id}\" target=\"_top\">\r\n			<xsl:value-of select=\"page-name\" />\r\n		</a>\r\n		<xsl:apply-templates select=\"page-description\" />\r\n		<xsl:apply-templates select=\"child-pages-list\" />\r\n	</li>\r\n</ul>\r\n</xsl:template>\r\n\r\n\r\n<xsl:template match=\"page[page-level>2]\" >\r\n<ul class=\"site-map-level-highest\">\r\n	<li>\r\n		<a href=\"{$site-path}?page_id={page-id}\" target=\"_top\">\r\n			<xsl:value-of select=\"page-name\" />\r\n		</a>\r\n		<xsl:apply-templates select=\"page-description\" />\r\n		<xsl:apply-templates select=\"child-pages-list\" />\r\n	</li>\r\n</ul>\r\n</xsl:template>\r\n\r\n\r\n<xsl:template match=\"page-description\">\r\n	<br /><xsl:value-of select=\".\" />\r\n</xsl:template>\r\n\r\n\r\n<xsl:template match=\"child-pages-list[page-level=0]\">\r\n	<xsl:if test=\"count(page)>0\" >\r\n		<xsl:apply-templates select=\"page\" />\r\n    </xsl:if>\r\n</xsl:template>\r\n\r\n\r\n<xsl:template match=\"child-pages-list[page-level=1]\">\r\n	<xsl:if test=\"count(page)>0\" >\r\n		<xsl:apply-templates select=\"page\" />\r\n    </xsl:if>\r\n</xsl:template>\r\n\r\n\r\n<xsl:template match=\"child-pages-list[page-level=2]\">\r\n	<xsl:if test=\"count(page)>0\" >\r\n		<xsl:apply-templates select=\"page\" />\r\n    </xsl:if>\r\n</xsl:template>\r\n\r\n<xsl:template match=\"child-pages-list[page-level>2]\">\r\n	<xsl:if test=\"count(page)>0\" >\r\n		<xsl:apply-templates select=\"page\" />\r\n    </xsl:if>\r\n</xsl:template>\r\n\r\n\r\n<xsl:template match=\"page-image\">\r\n	<div class=\"level-one-image\">\r\n	<div class=\"polaroid\">\r\n		<img  border=\"0\" width=\"80\" height=\"80\" src=\"images/local/data/pages/{.}\" alt=\"\" />\r\n         </div>\r\n	</div >\r\n</xsl:template>\r\n\r\n\r\n</xsl:stylesheet>\r\n'),(279,'Plan du Site module d\'Administration','admin_site_map_admin.xsl','<?xml version=\"1.0\"?>\r\n<xsl:stylesheet version=\"1.0\" xmlns:xsl=\"http://www.w3.org/1999/XSL/Transform\">\r\n<xsl:param name=\"site-path\" select=\"site-path\" />\r\n<xsl:variable name=\"current-page-id\" select=\"current-page-id\" />\r\n\r\n<xsl:template match=\"page[page-level=0]\"> \r\n	<div id=\"tree\" class=\"jstree-default\">\r\n		<a href=\"{$site-path}?page_id={page-id}\" title=\"{page-description}\" >\r\n			<xsl:value-of select=\"page-name\" />\r\n			<xsl:if test=\"not(string(page-role)=\'none\')\"> \r\n				<strong><xsl:text disable-output-escaping=\"yes\">- #i18n{portal.site.admin_page.tabAdminMapRoleReserved}</xsl:text>\r\n				<xsl:value-of select=\"page-role\" /></strong>\r\n			</xsl:if>            \r\n		</a>\r\n		<ul>\r\n			<xsl:apply-templates select=\"child-pages-list\" />\r\n		</ul>\r\n	</div>\r\n</xsl:template>\r\n    \r\n<xsl:template match=\"page[page-level>0]\" >\r\n	<xsl:variable name=\"index\" select=\"page-id\" />\r\n	<xsl:variable name=\"description\" select=\"page-description\" />\r\n	\r\n	<li id=\"node-{$index}\">\r\n		<a href=\"{$site-path}?page_id={page-id}\" title=\"{$description}\">\r\n		<xsl:value-of select=\"page-name\" />\r\n			<xsl:if test=\"not(string(page-role)=\'none\')\">\r\n				<strong>\r\n				  <xsl:text disable-output-escaping=\"yes\">#i18n{portal.site.admin_page.tabAdminMapRoleReserved}</xsl:text><xsl:value-of select=\"page-role\" />\r\n				</strong>\r\n			</xsl:if>\r\n		</a>\r\n		<xsl:choose>\r\n			<xsl:when test=\"count(child-pages-list/*)>0\">\r\n				<ul>\r\n				   <xsl:apply-templates select=\"child-pages-list\" />\r\n				</ul>\r\n			</xsl:when>\r\n		   <xsl:otherwise>\r\n				<xsl:apply-templates select=\"child-pages-list\" />\r\n		   </xsl:otherwise>\r\n		</xsl:choose>\r\n	</li>\r\n</xsl:template>\r\n    \r\n<xsl:template match=\"child-pages-list\">\r\n	<xsl:apply-templates select=\"page\" />\r\n</xsl:template>\r\n    \r\n</xsl:stylesheet>\r\n'),(30,'Rubrique Pages filles - Défaut','portlet_childpages_simple.xsl','<?xml version=\"1.0\"?>\r\n<xsl:stylesheet version=\"1.0\" xmlns:xsl=\"http://www.w3.org/1999/XSL/Transform\">\r\n\r\n<xsl:param name=\"site-path\" select=\"site-path\" />\r\n\r\n<xsl:template match=\"portlet\">\r\n\r\n	<xsl:variable name=\"device_class\">\r\n	<xsl:choose>\r\n		<xsl:when test=\"string(display-on-small-device)=\'0\'\">hidden-phone</xsl:when>\r\n		<xsl:when test=\"string(display-on-normal-device)=\'0\'\">hidden-tablet</xsl:when>\r\n		<xsl:when test=\"string(display-on-large-device)=\'0\'\">hidden-desktop</xsl:when>\r\n		<xsl:otherwise></xsl:otherwise>\r\n	</xsl:choose>\r\n	</xsl:variable>\r\n	\r\n	<div class=\"portlet {$device_class}\">\r\n        <xsl:if test=\"not(string(display-portlet-title)=\'1\')\">\r\n			<div class=\"portlet-header -top\">\r\n				<xsl:value-of disable-output-escaping=\"yes\" select=\"portlet-name\" />\r\n			</div>\r\n        </xsl:if>\r\n		<xsl:if test=\"not(string(display-portlet-title)=\'1\')\">\r\n			<div>\r\n				<xsl:apply-templates select=\"child-pages-portlet\" />\r\n			</div>\r\n        </xsl:if>\r\n		<xsl:if test=\"string(display-portlet-title)=\'1\'\">\r\n			<div class=\"portlet-content\">\r\n				<xsl:apply-templates select=\"child-pages-portlet\" />\r\n			</div>\r\n        </xsl:if>\r\n	</div>\r\n</xsl:template>\r\n\r\n<xsl:template match=\"child-pages-portlet\">\r\n	<ul>\r\n	    <xsl:apply-templates select=\"child-page\" />\r\n	</ul>\r\n</xsl:template>\r\n\r\n<xsl:template match=\"child-page\">\r\n	<li>\r\n		<a href=\"{$site-path}?page_id={child-page-id}\" target=\"_top\">\r\n			<b><xsl:value-of select=\"child-page-name\" /></b>\r\n		</a><br/>\r\n		<xsl:value-of select=\"child-page-description\" /><br/>\r\n	</li>\r\n</xsl:template>\r\n\r\n</xsl:stylesheet>'),(9006,'Rubrique Liste de pages filles - Image','portlet_childpages_image.xsl','<?xml version=\"1.0\"?>\r\n<xsl:stylesheet version=\"1.0\" xmlns:xsl=\"http://www.w3.org/1999/XSL/Transform\">\r\n\r\n<xsl:param name=\"site-path\" select=\"site-path\" />\r\n\r\n<xsl:template match=\"portlet\">\r\n\r\n	<xsl:variable name=\"device_class\">\r\n	<xsl:choose>\r\n		<xsl:when test=\"string(display-on-small-device)=\'0\'\">hidden-phone</xsl:when>\r\n		<xsl:when test=\"string(display-on-normal-device)=\'0\'\">hidden-tablet</xsl:when>\r\n		<xsl:when test=\"string(display-on-large-device)=\'0\'\">hidden-desktop</xsl:when>\r\n		<xsl:otherwise></xsl:otherwise>\r\n	</xsl:choose>\r\n	</xsl:variable>\r\n\r\n	<div class=\"portlet {$device_class}\">\r\n		<xsl:if test=\"not(string(display-portlet-title)=\'1\')\">\r\n			<h3>\r\n				<xsl:value-of disable-output-escaping=\"yes\" select=\"portlet-name\" />\r\n			</h3>\r\n		</xsl:if>\r\n		<xsl:if test=\"not(string(display-portlet-title)=\'1\')\">\r\n			<xsl:apply-templates select=\"child-pages-portlet\" />\r\n			<xsl:text disable-output-escaping=\"yes\">\r\n					<![CDATA[<div class=\"clearfix\">&#160;</div>]]>\r\n				</xsl:text>\r\n		</xsl:if>\r\n		<xsl:if test=\"string(display-portlet-title)=\'1\'\">\r\n				<xsl:apply-templates select=\"child-pages-portlet\" />\r\n				<xsl:text disable-output-escaping=\"yes\">\r\n					<![CDATA[<div class=\"clearfix\">&#160;</div>]]>\r\n				</xsl:text>\r\n		</xsl:if>\r\n	</div>\r\n</xsl:template>\r\n\r\n\r\n<xsl:template match=\"child-pages-portlet\">\r\n	<ul class=\"unstyled\">\r\n		<xsl:apply-templates select=\"child-page\" />\r\n	</ul>\r\n</xsl:template>\r\n\r\n\r\n<xsl:template match=\"child-page\">\r\n	<li>\r\n		<a href=\"{$site-path}?page_id={child-page-id}\" target=\"_top\">\r\n		<xsl:apply-templates select=\"child-page-image\" />\r\n			<strong><xsl:value-of select=\"child-page-name\" /></strong>\r\n		</a>\r\n		<br />\r\n		<xsl:value-of select=\"child-page-description\" />\r\n	</li>\r\n</xsl:template>\r\n\r\n\r\n<!-- Format image polaroid -->\r\n<xsl:template match=\"child-page-image\">\r\n    <div class=\"img-polaroid span3\">\r\n       <img src=\"{.}\" alt=\"{../child-page-name}\" />\r\n    </div>\r\n</xsl:template>\r\n\r\n\r\n</xsl:stylesheet>'),(809,'Rubrique Type de Demande CRM','portlet_demand_type.xsl','<?xml version=\"1.0\"?>\r\n	<xsl:stylesheet version=\"1.0\" xmlns:xsl=\"http://www.w3.org/1999/XSL/Transform\">\r\n		<xsl:param  name=\"i18n-label-demand-types-list\" select=\"\'Liste des demandes par catégorie\'\" />\r\n		<xsl:param name=\"i18n-label-crm-info\" />\r\n		<xsl:param name=\"i18n-label-crm-contact\" />\r\n		<xsl:param name=\"i18n-label-crm-date-begin\" />\r\n		<xsl:param name=\"i18n-label-crm-date-end\" />\r\n		<xsl:output method=\"html\" indent=\"yes\"/>\r\n		<xsl:template match=\"portlet\">\r\n			<div class=\"portlet -lutece-border-radius append-bottom\">\r\n				<xsl:apply-templates select=\"crm-demand-type-portlet\" />\r\n			</div>\r\n		</xsl:template>\r\n		\r\n		<xsl:template match=\"crm-demand-type-portlet\">\r\n			<xsl:apply-templates select=\"crm-demand-type-portlet-content\" />\r\n		</xsl:template>\r\n	\r\n		<xsl:template match=\"crm-demand-type-portlet-content\">\r\n			<div class=\"portlet\">\r\n				<div class=\"well\">\r\n					<div class=\"row-fluid\">\r\n						<xsl:apply-templates select=\"crm-demand-type-category-list/category\"/>\r\n					</div>\r\n				</div>\r\n			</div>\r\n		</xsl:template>\r\n	\r\n		<xsl:template match=\"category\">\r\n			<fieldset>\r\n				<legend>\r\n					<xsl:if test=\"category-name!=\'\'\">\r\n						<xsl:value-of select=\"category-name\" />\r\n					</xsl:if>\r\n				</legend>		\r\n				<ul>\r\n					<xsl:apply-templates select=\"demand-type-list/demand-type\"/>\r\n				</ul>\r\n			</fieldset>\r\n		</xsl:template>\r\n	\r\n		<xsl:template match=\"demand-type\">\r\n			<li>												\r\n				<a href=\"jsp/site/plugins/crm/DoOpenDemandType.jsp?id_demand_type={demand-type-id}\" target=\"{demand-type-target}\">\r\n					<xsl:value-of select=\"demand-type-label\" />\r\n				</a>\r\n				<xsl:if test=\"demand-type-url-info!=\'\'\">\r\n					<br/>\r\n					<em>\r\n						<a href=\"{demand-type-url-info}\">\r\n							<xsl:value-of select=\"$i18n-label-crm-info\" />\r\n						</a>\r\n					</em>\r\n				</xsl:if>\r\n				<xsl:if test=\"demand-type-url-contact!=\'\'\">\r\n					<br />\r\n					<em>\r\n						<a href=\"{demand-type-url-contact}\">\r\n							<xsl:value-of select=\"$i18n-label-crm-contact\" />\r\n						</a>\r\n					</em>\r\n				</xsl:if>\r\n				<xsl:if test=\"demand-type-date-begin!=\'\'\">\r\n					<br />\r\n					<xsl:value-of select=\"$i18n-label-crm-date-begin\" />: <xsl:value-of select=\"demand-type-date-begin\" />\r\n				</xsl:if>\r\n				<xsl:if test=\"demand-type-date-end!=\'\'\">\r\n					<br />\r\n					<xsl:value-of select=\"$i18n-label-crm-date-end\" /> : <xsl:value-of select=\"demand-type-date-end\" />\r\n				</xsl:if>\r\n			</li>		\r\n		</xsl:template>\r\n</xsl:stylesheet>'),(10,'Rubrique HTML - Défaut','portlet_html.xsl','<?xml version=\"1.0\"?>\r\n<xsl:stylesheet version=\"1.0\" xmlns:xsl=\"http://www.w3.org/1999/XSL/Transform\">\r\n<xsl:output method=\"html\" indent=\"yes\"/>\r\n\r\n<xsl:template match=\"portlet\">\r\n<xsl:variable name=\"device_class\">\r\n<xsl:choose>\r\n	<xsl:when test=\"string(display-on-small-device)=\'0\'\">hidden-phone</xsl:when>\r\n	<xsl:when test=\"string(display-on-normal-device)=\'0\'\">hidden-tablet</xsl:when>\r\n	<xsl:when test=\"string(display-on-large-device)=\'0\'\">hidden-desktop</xsl:when>\r\n	<xsl:otherwise></xsl:otherwise>\r\n</xsl:choose>\r\n</xsl:variable>\r\n\r\n	<div class=\"portlet {$device_class}\">\r\n	<xsl:choose>\r\n	<xsl:when test=\"not(string(display-portlet-title)=\'1\')\">\r\n	<h3><xsl:value-of disable-output-escaping=\"yes\" select=\"portlet-name\" /></h3>\r\n	<xsl:apply-templates select=\"html-portlet\" />\r\n	</xsl:when>\r\n	<xsl:otherwise>\r\n	<xsl:apply-templates select=\"html-portlet\" />\r\n	</xsl:otherwise>\r\n</xsl:choose>\r\n</div>\r\n</xsl:template>\r\n	\r\n<xsl:template match=\"html-portlet\">\r\n	<xsl:apply-templates select=\"html-portlet-content\" />\r\n</xsl:template>\r\n	\r\n<xsl:template match=\"html-portlet-content\">\r\n	<xsl:value-of disable-output-escaping=\"yes\" select=\".\" />\r\n</xsl:template>\r\n\r\n</xsl:stylesheet>\r\n\r\n\r\n\r\n\r\n'),(285,'Rubrique HTML - Fond coloré','portlet_html_background.xsl','<?xml version=\"1.0\"?>\r\n<xsl:stylesheet version=\"1.0\" xmlns:xsl=\"http://www.w3.org/1999/XSL/Transform\">\r\n\r\n<xsl:output method=\"html\" indent=\"yes\"/>\r\n\r\n<xsl:template match=\"portlet\">\r\n\r\n	<xsl:variable name=\"device_class\">\r\n	<xsl:choose>\r\n		<xsl:when test=\"string(display-on-small-device)=\'0\'\">hidden-phone</xsl:when>\r\n		<xsl:when test=\"string(display-on-normal-device)=\'0\'\">hidden-tablet</xsl:when>\r\n		<xsl:when test=\"string(display-on-large-device)=\'0\'\">hidden-desktop</xsl:when>\r\n		<xsl:otherwise></xsl:otherwise>\r\n	</xsl:choose>\r\n	</xsl:variable>\r\n	\r\n	<div class=\"portlet {$device_class}\">\r\n		<div class=\"well\">\r\n		<xsl:choose>\r\n			<xsl:when test=\"not(string(display-portlet-title)=\'1\')\">\r\n				<h2>\r\n					<xsl:value-of disable-output-escaping=\"yes\" select=\"portlet-name\" />\r\n				</h2>\r\n				<div class=\"portlet-background-content -lutece-border-radius-bottom\">\r\n					<xsl:apply-templates select=\"html-portlet\" />\r\n				</div>\r\n			</xsl:when>\r\n			<xsl:otherwise>\r\n				<div class=\"portlet-background-content -lutece-border-radius\">\r\n					<xsl:apply-templates select=\"html-portlet\" />\r\n				</div>\r\n			</xsl:otherwise>\r\n		</xsl:choose>\r\n		</div>\r\n    </div>\r\n</xsl:template>\r\n\r\n<xsl:template match=\"html-portlet\">\r\n	<xsl:apply-templates select=\"html-portlet-content\" />\r\n</xsl:template>\r\n\r\n<xsl:template match=\"html-portlet-content\">\r\n	<xsl:value-of disable-output-escaping=\"yes\" select=\".\" />\r\n</xsl:template>\r\n\r\n</xsl:stylesheet>'),(310,'Rubrique MyLutece - Défaut','portlet_mylutece.xsl','<?xml version=\"1.0\"?>\r\n<xsl:stylesheet version=\"1.0\" xmlns:xsl=\"http://www.w3.org/1999/XSL/Transform\">\r\n\r\n<xsl:template match=\"portlet\">\r\n\r\n	<xsl:variable name=\"device_class\">\r\n	<xsl:choose>\r\n		<xsl:when test=\"string(display-on-small-device)=\'0\'\">hidden-phone</xsl:when>\r\n		<xsl:when test=\"string(display-on-normal-device)=\'0\'\">hidden-tablet</xsl:when>\r\n		<xsl:when test=\"string(display-on-large-device)=\'0\'\">hidden-desktop</xsl:when>\r\n		<xsl:otherwise></xsl:otherwise>\r\n	</xsl:choose>\r\n	</xsl:variable>\r\n\r\n	<div class=\"portlet {$device_class}\">\r\n		<div class=\"well\">\r\n			<xsl:choose>\r\n		<xsl:when test=\"not(string(display-portlet-title)=\'1\')\">\r\n				<h3><xsl:value-of disable-output-escaping=\"yes\" select=\"portlet-name\" /></h3>\r\n				<xsl:apply-templates select=\"mylutece-portlet\" />\r\n		</xsl:when>\r\n		<xsl:otherwise>\r\n				<xsl:apply-templates select=\"mylutece-portlet\" />\r\n		</xsl:otherwise>\r\n			</xsl:choose>\r\n			<div class=\"clearfix\">&#160;</div>\r\n		</div>\r\n	</div>\r\n</xsl:template>\r\n\r\n\r\n<xsl:template match=\"mylutece-portlet\">\r\n	<xsl:apply-templates select=\"user-not-signed\" />\r\n	<xsl:apply-templates select=\"lutece-user\" />\r\n</xsl:template>\r\n\r\n\r\n<xsl:template match=\"user-not-signed\">\r\n	<form class=\"form\" action=\"jsp/site/plugins/mylutece/DoMyLuteceLogin.jsp\" method=\"post\">\r\n		<xsl:apply-templates select=\"lutece-user-authentication-service[@delegated=\'true\']\" />\r\n		<xsl:apply-templates select=\"lutece-user-authentication-service[@loginpassword-required=\'true\']\" />\r\n		<xsl:if test=\"count(lutece-user-authentication-service[@loginpassword-required=\'true\']) &gt;= 1\">\r\n			<label for=\"username\">Code d\'acc&#232;s :</label>\r\n			<input name=\"username\" class=\"input-normal\" id=\"username\" autocomplete=\"off\" tabindex=\"1\" type=\"text\"/><br />\r\n			<label for=\"password\">Mot de passe :</label>\r\n			<input name=\"password\" class=\"input-normal\" id=\"password\" autocomplete=\"off\" tabindex=\"2\" type=\"password\" />\r\n			<button class=\"btn btn-small\" tabindex=\"3\" type=\"submit\"><i class=\"icon-user\">&#160;</i>&#160;Connexion</button>\r\n		</xsl:if>\r\n	</form>\r\n	<xsl:apply-templates select=\"lutece-user-new-account-url\" />\r\n	<xsl:apply-templates select=\"lutece-user-lost-password-url\" />\r\n</xsl:template>\r\n\r\n<xsl:template match=\"lutece-user-authentication-service[@loginpassword-required=\'true\']\">\r\n	<label class=\"radio\" for=\"auth_provider\" >\r\n		<input type=\"radio\" name=\"auth_provider\" value=\"{name}\" checked=\"checked\" />\r\n		<xsl:value-of select=\"display-name\" />\r\n	</label>\r\n</xsl:template>\r\n\r\n<xsl:template match=\"lutece-user-authentication-service[@delegated=\'true\']\">\r\n	<a href=\"{url}?auth_provider={name}\">\r\n		<img src=\"{icon-url}\" alt=\"{display-name}\" title=\"{display-name}\"/>\r\n	</a>\r\n</xsl:template>\r\n\r\n\r\n<xsl:template match=\"lutece-user\">\r\n    <p>\r\n	<strong>Bienvenue&#160;\r\n		<xsl:value-of disable-output-escaping=\"yes\" select=\"lutece-user-name-given\" />&#160;\r\n		<xsl:value-of disable-output-escaping=\"yes\" select=\"lutece-user-name-family\" />\r\n	</strong>\r\n	</p>\r\n    <xsl:apply-templates select=\"lutece-user-logout-url\" />\r\n    <xsl:apply-templates select=\"lutece-user-view-account-url\" />\r\n</xsl:template>\r\n\r\n\r\n<xsl:template match=\"lutece-user-logout-url\">\r\n   <form class=\"form-inline pull-left\" name=\"logout\" action=\"{.}\" method=\"post\">\r\n	<button type=\"submit\" class=\"btn\"><i class=\"icon-off\">&#160;</i>&#160;D&#233;connexion</button>&#160;\r\n   </form>\r\n</xsl:template>\r\n\r\n\r\n<xsl:template match=\"lutece-user-new-account-url\">\r\n	<form class=\"form-inline pull-left\" name=\"logout\" action=\"{.}\" method=\"post\">\r\n		<button type=\"submit\" class=\"btn\"><i class=\"icon-plus\">&#160;</i>&#160;Cr&#233;er un compte</button>&#160;\r\n    </form>\r\n</xsl:template>\r\n\r\n\r\n<xsl:template match=\"lutece-user-lost-password-url\">\r\n	<form class=\"form-inline pull-left\" name=\"logout\" action=\"{.}\" method=\"post\">\r\n		<button type=\"submit\" class=\"btn\"><i class=\"icon-lock\">&#160;</i>&#160;Mot de passe perdu</button>&#160;\r\n   </form>\r\n</xsl:template>\r\n\r\n<xsl:template match=\"lutece-user-view-account-url\">\r\n	<form class=\"form-inline pull-left\" name=\"logout\" action=\"{.}\" method=\"post\">\r\n		<button type=\"submit\" class=\"btn\"><i class=\"icon-edit\">&#160;</i>&#160;Voir mon compte</button>&#160;\r\n	</form>\r\n</xsl:template>\r\n\r\n</xsl:stylesheet>\r\n\r\n');
/*!40000 ALTER TABLE `core_stylesheet` ENABLE KEYS */;
UNLOCK TABLES;

--
-- Table structure for table `core_template`
--

DROP TABLE IF EXISTS `core_template`;
/*!40101 SET @saved_cs_client     = @@character_set_client */;
/*!40101 SET character_set_client = utf8 */;
CREATE TABLE `core_template` (
  `template_name` varchar(100) COLLATE utf8_unicode_ci NOT NULL,
  `template_value` mediumtext COLLATE utf8_unicode_ci,
  PRIMARY KEY (`template_name`)
) ENGINE=MyISAM DEFAULT CHARSET=utf8 COLLATE=utf8_unicode_ci;
/*!40101 SET character_set_client = @saved_cs_client */;

--
-- Dumping data for table `core_template`
--

LOCK TABLES `core_template` WRITE;
/*!40000 ALTER TABLE `core_template` DISABLE KEYS */;
INSERT INTO `core_template` VALUES ('core_first_alert_mail','Bonjour ${first_name} ! Votre compte utilisateur arrive à expiration. Pour prolonger sa validité, veuillez <a href=\"${url}\">cliquer ici</a>.</br>Si vous ne le faites pas avant le ${date_valid}, il sera désactivé.'),('core_expiration_mail','Bonjour ${first_name} ! Votre compte a expiré. Vous ne pourrez plus vous connecter avec, et les données vous concernant ont été anonymisées'),('core_other_alert_mail','Bonjour ${first_name} ! Votre compte utilisateur arrive à expiration. Pour prolonger sa validité, veuillez <a href=\"${url}\">cliquer ici</a>.</br>Si vous ne le faites pas avant le ${date_valid}, il sera désactivé.'),('core_account_reactivated_mail','Bonjour ${first_name} ! Votre compte utilisateur a bien été réactivé. Il est désormais valable jusqu\'au ${date_valid}.'),('core_password_expired','Bonjour ! Votre mot de passe a expiré. Lors de votre prochaine connexion, vous pourrez le changer.'),('mylutece_database_first_alert_mail','Bonjour ${first_name} ! Votre compte utilisateur arrive à expiration. Pour prolonger sa validité, veuillez <a href=\"${url}\">cliquer ici</a>.</br>Si vous ne le faites pas avant le ${date_valid}, il sera désactivé.'),('mylutece_database_expiration_mail','Bonjour ${first_name} ! Votre compte a expiré. Vous ne pourrez plus vous connecter avec, et les données vous concernant ont été anonymisées'),('mylutece_database_other_alert_mail','Bonjour ${first_name} ! Votre compte utilisateur arrive à expiration. Pour prolonger sa validité, veuillez <a href=\"${url}\">cliquer ici</a>.</br>Si vous ne le faites pas avant le ${date_valid}, il sera désactivé.'),('mylutece_database_account_reactivated_mail','Bonjour ${first_name} ! Votre compte utilisateur a bien été réactivé. Il est désormais valable jusqu\'au ${date_valid}.'),('mylutece_database_unblock_user','${site_link!}<br />Bonjour ! Votre IP a été bloquée. Pour la débloquer, vous pouvez suivre le lien suivant : <a href=\"${url}\">debloquer</a>.'),('mylutece_database_password_expired','Bonjour ! Votre mot de passe a éxpiré. Lors de votre prochaine connection, vous pourrez le changer.'),('mylutece_database_mailLostPassword','<html><head><title>#i18n{mylutece.email_reinit.object}</title></head><body><p>#i18n{mylutece.email_reinit.content.text}<br /></p><p>#i18n{mylutece.email_reinit.content.newPassword} : ${new_password}<br /></p></body></html><p>#i18n{mylutece.email_reinit.content.reinitPassword}<a href=\"${reinit_url}\">#i18n{mylutece.email_reinit.content.labelLink}</a></p>'),('mylutece_database_mailPasswordEncryptionChanged','<html><head><title>Votre mot de passe a été réinitialisé</title></head><body><p>Pour des raisons de sécurité, votre mot de passe a été réinitialisé.<br />----------------------------------------------------------</p><p>Votre nouveau mot de passe est : ${new_password}<br />----------------------------------------------------------</p></body></html>');
/*!40000 ALTER TABLE `core_template` ENABLE KEYS */;
UNLOCK TABLES;

--
-- Table structure for table `core_text_editor`
--

DROP TABLE IF EXISTS `core_text_editor`;
/*!40101 SET @saved_cs_client     = @@character_set_client */;
/*!40101 SET character_set_client = utf8 */;
CREATE TABLE `core_text_editor` (
  `editor_name` varchar(255) COLLATE utf8_unicode_ci NOT NULL,
  `editor_description` varchar(255) COLLATE utf8_unicode_ci NOT NULL,
  `backOffice` smallint(6) NOT NULL,
  PRIMARY KEY (`editor_name`,`backOffice`)
) ENGINE=MyISAM DEFAULT CHARSET=utf8 COLLATE=utf8_unicode_ci;
/*!40101 SET character_set_client = @saved_cs_client */;

--
-- Dumping data for table `core_text_editor`
--

LOCK TABLES `core_text_editor` WRITE;
/*!40000 ALTER TABLE `core_text_editor` DISABLE KEYS */;
INSERT INTO `core_text_editor` VALUES ('tinymce','portal.globalmanagement.editors.labelBackTinyMCE',1),('','portal.globalmanagement.editors.labelBackNoEditor',1),('','portal.globalmanagement.editors.labelFrontNoEditor',0),('markitupbbcode','portal.globalmanagement.editors.labelFrontMarkitupBBCode',0);
/*!40000 ALTER TABLE `core_text_editor` ENABLE KEYS */;
UNLOCK TABLES;

--
-- Table structure for table `core_user_password_history`
--

DROP TABLE IF EXISTS `core_user_password_history`;
/*!40101 SET @saved_cs_client     = @@character_set_client */;
/*!40101 SET character_set_client = utf8 */;
CREATE TABLE `core_user_password_history` (
  `id_user` int(11) NOT NULL,
  `password` mediumtext COLLATE utf8_unicode_ci NOT NULL,
  `date_password_change` timestamp NOT NULL DEFAULT CURRENT_TIMESTAMP,
  PRIMARY KEY (`id_user`,`date_password_change`)
) ENGINE=MyISAM DEFAULT CHARSET=utf8 COLLATE=utf8_unicode_ci;
/*!40101 SET character_set_client = @saved_cs_client */;

--
-- Dumping data for table `core_user_password_history`
--

LOCK TABLES `core_user_password_history` WRITE;
/*!40000 ALTER TABLE `core_user_password_history` DISABLE KEYS */;
INSERT INTO `core_user_password_history` VALUES (1,'PBKDF2WITHHMACSHA512:40000:2e5f5f066cf14663aa1b58a35ec8c158:51e9f191a3e0c37707ed18ca582c9d97a7f082c17cf9a2d6071058aac7030fc043dcfe8fbdd8116a20ee19ea888a14ce940cc5ef68f13f1c9055a00f2d8cdb9a6940670bc5971be140dd57107cb0a2745a8b06155e46d6e60cadff078872b62caa2b89ebece351e84844d40434d359e78b952ec47c81c96e2ac03eceed4c69e4','2019-02-07 15:14:43');
/*!40000 ALTER TABLE `core_user_password_history` ENABLE KEYS */;
UNLOCK TABLES;

--
-- Table structure for table `core_user_preferences`
--

DROP TABLE IF EXISTS `core_user_preferences`;
/*!40101 SET @saved_cs_client     = @@character_set_client */;
/*!40101 SET character_set_client = utf8 */;
CREATE TABLE `core_user_preferences` (
  `id_user` varchar(100) COLLATE utf8_unicode_ci NOT NULL,
  `pref_key` varchar(100) COLLATE utf8_unicode_ci NOT NULL,
  `pref_value` mediumtext COLLATE utf8_unicode_ci,
  PRIMARY KEY (`id_user`,`pref_key`),
  KEY `index_user_preferences` (`id_user`)
) ENGINE=MyISAM DEFAULT CHARSET=utf8 COLLATE=utf8_unicode_ci;
/*!40101 SET character_set_client = @saved_cs_client */;

--
-- Dumping data for table `core_user_preferences`
--

LOCK TABLES `core_user_preferences` WRITE;
/*!40000 ALTER TABLE `core_user_preferences` DISABLE KEYS */;
/*!40000 ALTER TABLE `core_user_preferences` ENABLE KEYS */;
UNLOCK TABLES;

--
-- Table structure for table `core_user_right`
--

DROP TABLE IF EXISTS `core_user_right`;
/*!40101 SET @saved_cs_client     = @@character_set_client */;
/*!40101 SET character_set_client = utf8 */;
CREATE TABLE `core_user_right` (
  `id_right` varchar(255) COLLATE utf8_unicode_ci NOT NULL DEFAULT '',
  `id_user` int(11) NOT NULL DEFAULT '0',
  PRIMARY KEY (`id_right`,`id_user`),
  KEY `index_user_right` (`id_user`)
) ENGINE=MyISAM DEFAULT CHARSET=utf8 COLLATE=utf8_unicode_ci;
/*!40101 SET character_set_client = @saved_cs_client */;

--
-- Dumping data for table `core_user_right`
--

LOCK TABLES `core_user_right` WRITE;
/*!40000 ALTER TABLE `core_user_right` DISABLE KEYS */;
INSERT INTO `core_user_right` VALUES ('ADMINAVATAR_MANAGEMENT',1),('CONFIG_DOCUMENT_PRODUCER_MANAGEMENT',1),('CONTACT_MANAGEMENT',1),('CORE_ADMIN_SITE',1),('CORE_ADMIN_SITE',2),('CORE_ADMINDASHBOARD_MANAGEMENT',1),('CORE_CACHE_MANAGEMENT',1),('CORE_DAEMONS_MANAGEMENT',1),('CORE_DASHBOARD_MANAGEMENT',1),('CORE_EXTERNAL_FEATURES_MANAGEMENT',1),('CORE_EXTERNAL_FEATURES_MANAGEMENT',2),('CORE_FEATURES_MANAGEMENT',1),('CORE_GLOBAL_MANAGEMENT',1),('CORE_LEVEL_RIGHT_MANAGEMENT',1),('CORE_LINK_SERVICE_MANAGEMENT',1),('CORE_LINK_SERVICE_MANAGEMENT',2),('CORE_LOGS_VISUALISATION',1),('CORE_MAILINGLISTS_MANAGEMENT',1),('CORE_MODES_MANAGEMENT',1),('CORE_PAGE_TEMPLATE_MANAGEMENT',1),('CORE_PAGE_TEMPLATE_MANAGEMENT',2),('CORE_PLUGINS_MANAGEMENT',1),('CORE_PROPERTIES_MANAGEMENT',1),('CORE_PROPERTIES_MANAGEMENT',2),('CORE_RBAC_MANAGEMENT',1),('CORE_RIGHT_MANAGEMENT',1),('CORE_ROLES_MANAGEMENT',1),('CORE_ROLES_MANAGEMENT',2),('CORE_SEARCH_INDEXATION',1),('CORE_SEARCH_INDEXATION',2),('CORE_SEARCH_MANAGEMENT',1),('CORE_SEARCH_MANAGEMENT',2),('CORE_STYLES_MANAGEMENT',1),('CORE_STYLESHEET_MANAGEMENT',1),('CORE_USERS_MANAGEMENT',1),('CORE_USERS_MANAGEMENT',2),('CORE_WORKGROUPS_MANAGEMENT',1),('CORE_WORKGROUPS_MANAGEMENT',2),('CORE_XSL_EXPORT_MANAGEMENT',1),('CRM_DEMAND_TYPES_MANAGEMENT',1),('DATABASE_GROUPS_MANAGEMENT',1),('DATABASE_MANAGEMENT_USERS',1),('FAVORITES_MANAGEMENT',1),('FORMS_MANAGEMENT',1),('FORMS_MULTIVIEW',1),('HTMLPAGE_MANAGEMENT',1),('MYDASHBOARD_PANEL_MANAGEMENT',1),('MYLUTECE_MANAGE_AUTHENTICATION_FILTER',1),('MYLUTECE_MANAGE_EXTERNAL_APPLICATION',1),('MYLUTECE_MANAGEMENT',1),('PROFILES_MANAGEMENT',1),('PROFILES_VIEWS_MANAGEMENT',1),('REGULAR_EXPRESSION_MANAGEMENT',1),('UPLOAD_MANAGEMENT',1),('WORKFLOW_MANAGEMENT',1);
/*!40000 ALTER TABLE `core_user_right` ENABLE KEYS */;
UNLOCK TABLES;

--
-- Table structure for table `core_user_role`
--

DROP TABLE IF EXISTS `core_user_role`;
/*!40101 SET @saved_cs_client     = @@character_set_client */;
/*!40101 SET character_set_client = utf8 */;
CREATE TABLE `core_user_role` (
  `role_key` varchar(50) COLLATE utf8_unicode_ci NOT NULL DEFAULT '',
  `id_user` int(11) NOT NULL DEFAULT '0',
  PRIMARY KEY (`role_key`,`id_user`)
) ENGINE=MyISAM DEFAULT CHARSET=utf8 COLLATE=utf8_unicode_ci;
/*!40101 SET character_set_client = @saved_cs_client */;

--
-- Dumping data for table `core_user_role`
--

LOCK TABLES `core_user_role` WRITE;
/*!40000 ALTER TABLE `core_user_role` DISABLE KEYS */;
INSERT INTO `core_user_role` VALUES ('all_site_manager',1),('all_site_manager',2),('assign_groups',1),('assign_groups',2),('assign_groups',3),('assign_roles',1),('assign_roles',2),('assign_roles',3),('forms_manager',1),('forms_manager',2),('mylutece_database_manager',1),('mylutece_manager',1),('profiles_manager',1),('profiles_views_manager',1),('super_admin',1),('super_admin',2),('workflow_manager',1),('workflow_manager',2);
/*!40000 ALTER TABLE `core_user_role` ENABLE KEYS */;
UNLOCK TABLES;

--
-- Table structure for table `core_xsl_export`
--

DROP TABLE IF EXISTS `core_xsl_export`;
/*!40101 SET @saved_cs_client     = @@character_set_client */;
/*!40101 SET character_set_client = utf8 */;
CREATE TABLE `core_xsl_export` (
  `id_xsl_export` int(11) NOT NULL,
  `title` varchar(255) COLLATE utf8_unicode_ci DEFAULT NULL,
  `description` varchar(255) COLLATE utf8_unicode_ci DEFAULT NULL,
  `extension` varchar(255) COLLATE utf8_unicode_ci DEFAULT NULL,
  `id_file` int(11) DEFAULT NULL,
  `plugin` varchar(255) COLLATE utf8_unicode_ci DEFAULT '',
  PRIMARY KEY (`id_xsl_export`)
) ENGINE=MyISAM DEFAULT CHARSET=utf8 COLLATE=utf8_unicode_ci;
/*!40101 SET character_set_client = @saved_cs_client */;

--
-- Dumping data for table `core_xsl_export`
--

LOCK TABLES `core_xsl_export` WRITE;
/*!40000 ALTER TABLE `core_xsl_export` DISABLE KEYS */;
INSERT INTO `core_xsl_export` VALUES (125,'Coeur - Export CSV des administrateurs','Export des utilisateurs back office dans un fichier CSV','csv',125,'core'),(126,'Coeur - Export XML des administrateurs','Export des utilisateurs back office dans un fichier XML','xml',126,'core'),(127,'MyLutece Database - Export CSV des utilisateurs','Export des utilisateur MyLutece Database dans un fichier CSV','csv',127,'mylutece-database'),(128,'MyLutece Database - Export XML des utilisateurs','Export des utilisateur MyLutece Database dans un fichier XML','xml',128,'mylutece-database');
/*!40000 ALTER TABLE `core_xsl_export` ENABLE KEYS */;
UNLOCK TABLES;

--
-- Table structure for table `crm_category`
--

DROP TABLE IF EXISTS `crm_category`;
/*!40101 SET @saved_cs_client     = @@character_set_client */;
/*!40101 SET character_set_client = utf8 */;
CREATE TABLE `crm_category` (
  `id_category` int(11) NOT NULL DEFAULT '0',
  `name` varchar(50) COLLATE utf8_unicode_ci NOT NULL DEFAULT '',
  `description` varchar(255) COLLATE utf8_unicode_ci NOT NULL DEFAULT '',
  PRIMARY KEY (`id_category`)
) ENGINE=MyISAM DEFAULT CHARSET=utf8 COLLATE=utf8_unicode_ci;
/*!40101 SET character_set_client = @saved_cs_client */;

--
-- Dumping data for table `crm_category`
--

LOCK TABLES `crm_category` WRITE;
/*!40000 ALTER TABLE `crm_category` DISABLE KEYS */;
/*!40000 ALTER TABLE `crm_category` ENABLE KEYS */;
UNLOCK TABLES;

--
-- Table structure for table `crm_demand`
--

DROP TABLE IF EXISTS `crm_demand`;
/*!40101 SET @saved_cs_client     = @@character_set_client */;
/*!40101 SET character_set_client = utf8 */;
CREATE TABLE `crm_demand` (
  `id_demand` int(11) NOT NULL DEFAULT '0',
  `id_demand_type` int(11) NOT NULL DEFAULT '0',
  `id_crm_user` int(11) NOT NULL DEFAULT '0',
  `status_text` varchar(255) COLLATE utf8_unicode_ci NOT NULL DEFAULT '',
  `id_status_crm` int(11) NOT NULL DEFAULT '0',
  `data` varchar(255) COLLATE utf8_unicode_ci NOT NULL DEFAULT '',
  `date_modification` timestamp NOT NULL DEFAULT '0000-00-00 00:00:00',
  `remote_id` varchar(255) COLLATE utf8_unicode_ci DEFAULT NULL,
  PRIMARY KEY (`id_demand`),
  UNIQUE KEY `id_demand_type` (`id_demand_type`,`remote_id`)
) ENGINE=MyISAM DEFAULT CHARSET=utf8 COLLATE=utf8_unicode_ci;
/*!40101 SET character_set_client = @saved_cs_client */;

--
-- Dumping data for table `crm_demand`
--

LOCK TABLES `crm_demand` WRITE;
/*!40000 ALTER TABLE `crm_demand` DISABLE KEYS */;
/*!40000 ALTER TABLE `crm_demand` ENABLE KEYS */;
UNLOCK TABLES;

--
-- Table structure for table `crm_demand_type`
--

DROP TABLE IF EXISTS `crm_demand_type`;
/*!40101 SET @saved_cs_client     = @@character_set_client */;
/*!40101 SET character_set_client = utf8 */;
CREATE TABLE `crm_demand_type` (
  `id_demand_type` int(11) NOT NULL DEFAULT '0',
  `label` varchar(255) COLLATE utf8_unicode_ci NOT NULL DEFAULT '',
  `url_resource` varchar(255) COLLATE utf8_unicode_ci NOT NULL DEFAULT '',
  `url_info` varchar(255) COLLATE utf8_unicode_ci NOT NULL DEFAULT '',
  `url_contact` varchar(255) COLLATE utf8_unicode_ci NOT NULL DEFAULT '',
  `demand_type_order` int(11) NOT NULL DEFAULT '1',
  `id_category` int(11) NOT NULL DEFAULT '0',
  `date_begin` date DEFAULT NULL,
  `date_end` date DEFAULT NULL,
  `workgroup_key` varchar(50) COLLATE utf8_unicode_ci NOT NULL DEFAULT '',
  `role_key` varchar(50) COLLATE utf8_unicode_ci NOT NULL DEFAULT '',
  `target` smallint(6) NOT NULL DEFAULT '0',
  `url_delete` varchar(255) COLLATE utf8_unicode_ci DEFAULT '',
  `is_include_id_user` smallint(6) NOT NULL DEFAULT '0',
  `is_need_authentication` smallint(6) NOT NULL DEFAULT '0',
  `is_need_validation` smallint(6) NOT NULL DEFAULT '0',
  PRIMARY KEY (`id_demand_type`)
) ENGINE=MyISAM DEFAULT CHARSET=utf8 COLLATE=utf8_unicode_ci;
/*!40101 SET character_set_client = @saved_cs_client */;

--
-- Dumping data for table `crm_demand_type`
--

LOCK TABLES `crm_demand_type` WRITE;
/*!40000 ALTER TABLE `crm_demand_type` DISABLE KEYS */;
/*!40000 ALTER TABLE `crm_demand_type` ENABLE KEYS */;
UNLOCK TABLES;

--
-- Table structure for table `crm_demand_type_portlet`
--

DROP TABLE IF EXISTS `crm_demand_type_portlet`;
/*!40101 SET @saved_cs_client     = @@character_set_client */;
/*!40101 SET character_set_client = utf8 */;
CREATE TABLE `crm_demand_type_portlet` (
  `id_portlet` int(11) NOT NULL,
  `id_category` int(11) NOT NULL,
  PRIMARY KEY (`id_portlet`,`id_category`)
) ENGINE=MyISAM DEFAULT CHARSET=utf8 COLLATE=utf8_unicode_ci;
/*!40101 SET character_set_client = @saved_cs_client */;

--
-- Dumping data for table `crm_demand_type_portlet`
--

LOCK TABLES `crm_demand_type_portlet` WRITE;
/*!40000 ALTER TABLE `crm_demand_type_portlet` DISABLE KEYS */;
/*!40000 ALTER TABLE `crm_demand_type_portlet` ENABLE KEYS */;
UNLOCK TABLES;

--
-- Table structure for table `crm_notification`
--

DROP TABLE IF EXISTS `crm_notification`;
/*!40101 SET @saved_cs_client     = @@character_set_client */;
/*!40101 SET character_set_client = utf8 */;
CREATE TABLE `crm_notification` (
  `id_notification` int(11) NOT NULL DEFAULT '0',
  `id_demand` int(11) NOT NULL DEFAULT '0',
  `is_read` smallint(6) NOT NULL DEFAULT '0',
  `object` varchar(255) COLLATE utf8_unicode_ci NOT NULL DEFAULT '',
  `message` mediumtext COLLATE utf8_unicode_ci,
  `date_creation` timestamp NOT NULL DEFAULT CURRENT_TIMESTAMP,
  `sender` varchar(255) COLLATE utf8_unicode_ci NOT NULL DEFAULT '',
  PRIMARY KEY (`id_notification`)
) ENGINE=MyISAM DEFAULT CHARSET=utf8 COLLATE=utf8_unicode_ci;
/*!40101 SET character_set_client = @saved_cs_client */;

--
-- Dumping data for table `crm_notification`
--

LOCK TABLES `crm_notification` WRITE;
/*!40000 ALTER TABLE `crm_notification` DISABLE KEYS */;
/*!40000 ALTER TABLE `crm_notification` ENABLE KEYS */;
UNLOCK TABLES;

--
-- Table structure for table `crm_parameter`
--

DROP TABLE IF EXISTS `crm_parameter`;
/*!40101 SET @saved_cs_client     = @@character_set_client */;
/*!40101 SET character_set_client = utf8 */;
CREATE TABLE `crm_parameter` (
  `parameter_key` varchar(100) COLLATE utf8_unicode_ci NOT NULL,
  `parameter_value` varchar(100) COLLATE utf8_unicode_ci NOT NULL,
  PRIMARY KEY (`parameter_key`)
) ENGINE=MyISAM DEFAULT CHARSET=utf8 COLLATE=utf8_unicode_ci;
/*!40101 SET character_set_client = @saved_cs_client */;

--
-- Dumping data for table `crm_parameter`
--

LOCK TABLES `crm_parameter` WRITE;
/*!40000 ALTER TABLE `crm_parameter` DISABLE KEYS */;
INSERT INTO `crm_parameter` VALUES ('displayDraft','true');
/*!40000 ALTER TABLE `crm_parameter` ENABLE KEYS */;
UNLOCK TABLES;

--
-- Table structure for table `crm_status_crm`
--

DROP TABLE IF EXISTS `crm_status_crm`;
/*!40101 SET @saved_cs_client     = @@character_set_client */;
/*!40101 SET character_set_client = utf8 */;
CREATE TABLE `crm_status_crm` (
  `id_status_crm` int(11) NOT NULL DEFAULT '0',
  `status_label` varchar(50) COLLATE utf8_unicode_ci NOT NULL DEFAULT '',
  PRIMARY KEY (`id_status_crm`)
) ENGINE=MyISAM DEFAULT CHARSET=utf8 COLLATE=utf8_unicode_ci;
/*!40101 SET character_set_client = @saved_cs_client */;

--
-- Dumping data for table `crm_status_crm`
--

LOCK TABLES `crm_status_crm` WRITE;
/*!40000 ALTER TABLE `crm_status_crm` DISABLE KEYS */;
INSERT INTO `crm_status_crm` VALUES (0,'crm.statusCRM.draft'),(1,'crm.statusCRM.validated');
/*!40000 ALTER TABLE `crm_status_crm` ENABLE KEYS */;
UNLOCK TABLES;

--
-- Table structure for table `crm_user`
--

DROP TABLE IF EXISTS `crm_user`;
/*!40101 SET @saved_cs_client     = @@character_set_client */;
/*!40101 SET character_set_client = utf8 */;
CREATE TABLE `crm_user` (
  `id_crm_user` int(11) NOT NULL DEFAULT '0',
  `user_guid` varchar(255) COLLATE utf8_unicode_ci NOT NULL DEFAULT '',
  `status` smallint(6) NOT NULL DEFAULT '1',
  `last_login` timestamp NOT NULL DEFAULT '1979-12-31 23:00:00',
  `current_last_login` timestamp NOT NULL DEFAULT '1979-12-31 23:00:00',
  `must_be_updated` smallint(6) NOT NULL DEFAULT '0',
  PRIMARY KEY (`id_crm_user`,`user_guid`),
  UNIQUE KEY `user_guid` (`user_guid`),
  KEY `index_crm_user` (`user_guid`)
) ENGINE=MyISAM DEFAULT CHARSET=utf8 COLLATE=utf8_unicode_ci;
/*!40101 SET character_set_client = @saved_cs_client */;

--
-- Dumping data for table `crm_user`
--

LOCK TABLES `crm_user` WRITE;
/*!40000 ALTER TABLE `crm_user` DISABLE KEYS */;
/*!40000 ALTER TABLE `crm_user` ENABLE KEYS */;
UNLOCK TABLES;

--
-- Table structure for table `crm_user_attribute`
--

DROP TABLE IF EXISTS `crm_user_attribute`;
/*!40101 SET @saved_cs_client     = @@character_set_client */;
/*!40101 SET character_set_client = utf8 */;
CREATE TABLE `crm_user_attribute` (
  `id_crm_user` int(11) NOT NULL DEFAULT '0',
  `user_attribute_key` varchar(255) COLLATE utf8_unicode_ci NOT NULL DEFAULT '',
  `user_attribute_value` varchar(255) COLLATE utf8_unicode_ci NOT NULL DEFAULT '',
  PRIMARY KEY (`id_crm_user`,`user_attribute_key`)
) ENGINE=MyISAM DEFAULT CHARSET=utf8 COLLATE=utf8_unicode_ci;
/*!40101 SET character_set_client = @saved_cs_client */;

--
-- Dumping data for table `crm_user_attribute`
--

LOCK TABLES `crm_user_attribute` WRITE;
/*!40000 ALTER TABLE `crm_user_attribute` DISABLE KEYS */;
/*!40000 ALTER TABLE `crm_user_attribute` ENABLE KEYS */;
UNLOCK TABLES;

--
-- Table structure for table `forms_action`
--

DROP TABLE IF EXISTS `forms_action`;
/*!40101 SET @saved_cs_client     = @@character_set_client */;
/*!40101 SET character_set_client = utf8 */;
CREATE TABLE `forms_action` (
  `id_action` int(11) NOT NULL DEFAULT '0',
  `name_key` varchar(100) COLLATE utf8_unicode_ci DEFAULT NULL,
  `description_key` varchar(100) COLLATE utf8_unicode_ci DEFAULT NULL,
  `action_url` varchar(255) COLLATE utf8_unicode_ci DEFAULT NULL,
  `icon_url` varchar(255) COLLATE utf8_unicode_ci DEFAULT NULL,
  `action_permission` varchar(255) COLLATE utf8_unicode_ci DEFAULT NULL,
  `form_state` smallint(6) DEFAULT NULL,
  PRIMARY KEY (`id_action`)
) ENGINE=MyISAM DEFAULT CHARSET=utf8 COLLATE=utf8_unicode_ci;
/*!40101 SET character_set_client = @saved_cs_client */;

--
-- Dumping data for table `forms_action`
--

LOCK TABLES `forms_action` WRITE;
/*!40000 ALTER TABLE `forms_action` DISABLE KEYS */;
INSERT INTO `forms_action` VALUES (1,'forms.action.modify.name','forms.action.modify.description','jsp/admin/plugins/forms/ManageSteps.jsp?view=manageSteps','edit','MODIFY',0),(17,'forms.action.delete.name','forms.action.delete.description','jsp/admin/plugins/forms/ManageForms.jsp?view=confirmRemoveForm','trash','DELETE',0),(100,'module.forms.documentproducer.actions.extractpdf.name','module.forms.documentproducer.actions.extractpdf.description','jsp/admin/plugins/forms/modules/documentproducer/ManageConfigProducer.jsp?view=getManageConfigProducer','file-pdf-o','MODIFY',0);
/*!40000 ALTER TABLE `forms_action` ENABLE KEYS */;
UNLOCK TABLES;

--
-- Table structure for table `forms_config_producer`
--

DROP TABLE IF EXISTS `forms_config_producer`;
/*!40101 SET @saved_cs_client     = @@character_set_client */;
/*!40101 SET character_set_client = utf8 */;
CREATE TABLE `forms_config_producer` (
  `id_config` int(11) NOT NULL,
  `name` varchar(255) COLLATE utf8_unicode_ci DEFAULT NULL,
  `id_question_name_file` int(11) DEFAULT NULL,
  `id_form` int(11) DEFAULT NULL,
  `config_type` varchar(255) COLLATE utf8_unicode_ci DEFAULT NULL,
  `text_file_name` varchar(255) COLLATE utf8_unicode_ci DEFAULT NULL,
  `type_config_file_name` varchar(255) COLLATE utf8_unicode_ci DEFAULT NULL,
  `extract_empty` int(11) DEFAULT '0',
  PRIMARY KEY (`id_config`)
) ENGINE=MyISAM DEFAULT CHARSET=utf8 COLLATE=utf8_unicode_ci;
/*!40101 SET character_set_client = @saved_cs_client */;

--
-- Dumping data for table `forms_config_producer`
--

LOCK TABLES `forms_config_producer` WRITE;
/*!40000 ALTER TABLE `forms_config_producer` DISABLE KEYS */;
INSERT INTO `forms_config_producer` VALUES (1,'Export PDF',1,1,'PDF','','default',0);
/*!40000 ALTER TABLE `forms_config_producer` ENABLE KEYS */;
UNLOCK TABLES;

--
-- Table structure for table `forms_config_question`
--

DROP TABLE IF EXISTS `forms_config_question`;
/*!40101 SET @saved_cs_client     = @@character_set_client */;
/*!40101 SET character_set_client = utf8 */;
CREATE TABLE `forms_config_question` (
  `id_config` int(11) NOT NULL,
  `id_question` int(11) NOT NULL,
  PRIMARY KEY (`id_config`,`id_question`)
) ENGINE=MyISAM DEFAULT CHARSET=utf8 COLLATE=utf8_unicode_ci;
/*!40101 SET character_set_client = @saved_cs_client */;

--
-- Dumping data for table `forms_config_question`
--

LOCK TABLES `forms_config_question` WRITE;
/*!40000 ALTER TABLE `forms_config_question` DISABLE KEYS */;
INSERT INTO `forms_config_question` VALUES (1,1),(1,2),(1,3),(1,4),(1,5),(1,6);
/*!40000 ALTER TABLE `forms_config_question` ENABLE KEYS */;
UNLOCK TABLES;

--
-- Table structure for table `forms_control`
--

DROP TABLE IF EXISTS `forms_control`;
/*!40101 SET @saved_cs_client     = @@character_set_client */;
/*!40101 SET character_set_client = utf8 */;
CREATE TABLE `forms_control` (
  `id_control` int(11) NOT NULL AUTO_INCREMENT,
  `value` varchar(255) COLLATE utf8_unicode_ci DEFAULT NULL,
  `error_message` varchar(255) COLLATE utf8_unicode_ci DEFAULT '',
  `id_question` int(11) NOT NULL,
  `validator_name` varchar(255) COLLATE utf8_unicode_ci NOT NULL,
  `control_type` varchar(255) COLLATE utf8_unicode_ci NOT NULL,
  `id_control_target` int(11) NOT NULL DEFAULT '0',
  PRIMARY KEY (`id_control`)
) ENGINE=MyISAM DEFAULT CHARSET=utf8 COLLATE=utf8_unicode_ci;
/*!40101 SET character_set_client = @saved_cs_client */;

--
-- Dumping data for table `forms_control`
--

LOCK TABLES `forms_control` WRITE;
/*!40000 ALTER TABLE `forms_control` DISABLE KEYS */;
/*!40000 ALTER TABLE `forms_control` ENABLE KEYS */;
UNLOCK TABLES;

--
-- Table structure for table `forms_default_config`
--

DROP TABLE IF EXISTS `forms_default_config`;
/*!40101 SET @saved_cs_client     = @@character_set_client */;
/*!40101 SET character_set_client = utf8 */;
CREATE TABLE `forms_default_config` (
  `id_config` int(11) NOT NULL,
  `id_form` int(11) NOT NULL,
  `config_type` varchar(255) COLLATE utf8_unicode_ci NOT NULL,
  PRIMARY KEY (`id_config`,`id_form`,`config_type`)
) ENGINE=MyISAM DEFAULT CHARSET=utf8 COLLATE=utf8_unicode_ci;
/*!40101 SET character_set_client = @saved_cs_client */;

--
-- Dumping data for table `forms_default_config`
--

LOCK TABLES `forms_default_config` WRITE;
/*!40000 ALTER TABLE `forms_default_config` DISABLE KEYS */;
/*!40000 ALTER TABLE `forms_default_config` ENABLE KEYS */;
UNLOCK TABLES;

--
-- Table structure for table `forms_display`
--

DROP TABLE IF EXISTS `forms_display`;
/*!40101 SET @saved_cs_client     = @@character_set_client */;
/*!40101 SET character_set_client = utf8 */;
CREATE TABLE `forms_display` (
  `id_display` int(11) NOT NULL AUTO_INCREMENT,
  `id_form` int(11) DEFAULT '0',
  `id_step` int(11) DEFAULT '0',
  `id_composite` int(11) DEFAULT '0',
  `id_parent` int(11) DEFAULT '0',
  `display_order` int(11) DEFAULT '0',
  `composite_type` varchar(255) COLLATE utf8_unicode_ci DEFAULT '',
  `display_depth` int(11) DEFAULT '0',
  PRIMARY KEY (`id_display`)
) ENGINE=MyISAM AUTO_INCREMENT=7 DEFAULT CHARSET=utf8 COLLATE=utf8_unicode_ci;
/*!40101 SET character_set_client = @saved_cs_client */;

--
-- Dumping data for table `forms_display`
--

LOCK TABLES `forms_display` WRITE;
/*!40000 ALTER TABLE `forms_display` DISABLE KEYS */;
INSERT INTO `forms_display` VALUES (1,1,1,1,0,1,'question',0),(2,1,1,2,0,2,'question',0),(3,1,1,3,0,3,'question',0),(4,1,1,4,0,4,'question',0),(5,1,2,5,0,1,'question',0),(6,1,2,6,0,2,'question',0);
/*!40000 ALTER TABLE `forms_display` ENABLE KEYS */;
UNLOCK TABLES;

--
-- Table structure for table `forms_form`
--

DROP TABLE IF EXISTS `forms_form`;
/*!40101 SET @saved_cs_client     = @@character_set_client */;
/*!40101 SET character_set_client = utf8 */;
CREATE TABLE `forms_form` (
  `id_form` int(11) NOT NULL AUTO_INCREMENT,
  `title` varchar(255) COLLATE utf8_unicode_ci NOT NULL DEFAULT '',
  `description` varchar(255) COLLATE utf8_unicode_ci DEFAULT '',
  `creation_date` timestamp NOT NULL DEFAULT CURRENT_TIMESTAMP,
  `update_date` timestamp NOT NULL DEFAULT '1979-12-31 23:00:00',
  `availability_start_date` date DEFAULT NULL,
  `availability_end_date` date DEFAULT NULL,
  `max_number_response` int(11) DEFAULT '0',
  `workgroup` varchar(255) COLLATE utf8_unicode_ci DEFAULT NULL,
  `id_workflow` int(11) DEFAULT NULL,
  `authentification_needed` smallint(6) DEFAULT NULL,
  `one_response_by_user` smallint(6) DEFAULT '0',
  `breadcrumb_name` varchar(255) COLLATE utf8_unicode_ci NOT NULL DEFAULT '',
  `display_summary` smallint(6) NOT NULL DEFAULT '0',
  `return_url` varchar(255) COLLATE utf8_unicode_ci DEFAULT '',
  PRIMARY KEY (`id_form`)
) ENGINE=MyISAM AUTO_INCREMENT=2 DEFAULT CHARSET=utf8 COLLATE=utf8_unicode_ci;
/*!40101 SET character_set_client = @saved_cs_client */;

--
-- Dumping data for table `forms_form`
--

LOCK TABLES `forms_form` WRITE;
/*!40000 ALTER TABLE `forms_form` DISABLE KEYS */;
INSERT INTO `forms_form` VALUES (1,'Test Form','Test','2019-02-07 15:34:51','2019-02-08 09:06:14','2019-02-01','2022-12-31',0,NULL,1,0,0,'forms.horizontalBreadcrumb',1,'');
/*!40000 ALTER TABLE `forms_form` ENABLE KEYS */;
UNLOCK TABLES;

--
-- Table structure for table `forms_group`
--

DROP TABLE IF EXISTS `forms_group`;
/*!40101 SET @saved_cs_client     = @@character_set_client */;
/*!40101 SET character_set_client = utf8 */;
CREATE TABLE `forms_group` (
  `id_group` int(11) NOT NULL AUTO_INCREMENT,
  `title` varchar(255) COLLATE utf8_unicode_ci NOT NULL DEFAULT '',
  `description` varchar(255) COLLATE utf8_unicode_ci DEFAULT '',
  `id_step` int(11) DEFAULT '0',
  `iteration_min` int(11) DEFAULT '1',
  `iteration_max` int(11) DEFAULT '1',
  `iteration_add_label` varchar(255) COLLATE utf8_unicode_ci DEFAULT '',
  `iteration_remove_label` varchar(255) COLLATE utf8_unicode_ci DEFAULT '',
  PRIMARY KEY (`id_group`)
) ENGINE=MyISAM DEFAULT CHARSET=utf8 COLLATE=utf8_unicode_ci;
/*!40101 SET character_set_client = @saved_cs_client */;

--
-- Dumping data for table `forms_group`
--

LOCK TABLES `forms_group` WRITE;
/*!40000 ALTER TABLE `forms_group` DISABLE KEYS */;
/*!40000 ALTER TABLE `forms_group` ENABLE KEYS */;
UNLOCK TABLES;

--
-- Table structure for table `forms_message`
--

DROP TABLE IF EXISTS `forms_message`;
/*!40101 SET @saved_cs_client     = @@character_set_client */;
/*!40101 SET character_set_client = utf8 */;
CREATE TABLE `forms_message` (
  `id` int(11) NOT NULL AUTO_INCREMENT,
  `id_form` int(11) NOT NULL,
  `end_message_display` smallint(6) DEFAULT NULL,
  `end_message` varchar(3000) COLLATE utf8_unicode_ci DEFAULT '',
  PRIMARY KEY (`id`)
) ENGINE=MyISAM AUTO_INCREMENT=2 DEFAULT CHARSET=utf8 COLLATE=utf8_unicode_ci;
/*!40101 SET character_set_client = @saved_cs_client */;

--
-- Dumping data for table `forms_message`
--

LOCK TABLES `forms_message` WRITE;
/*!40000 ALTER TABLE `forms_message` DISABLE KEYS */;
INSERT INTO `forms_message` VALUES (1,1,1,'<div class=\"alert alert-info\">Votre r&eacute;ponse au formulaire a bien &eacute;t&eacute; prise en compte</div>');
/*!40000 ALTER TABLE `forms_message` ENABLE KEYS */;
UNLOCK TABLES;

--
-- Table structure for table `forms_question`
--

DROP TABLE IF EXISTS `forms_question`;
/*!40101 SET @saved_cs_client     = @@character_set_client */;
/*!40101 SET character_set_client = utf8 */;
CREATE TABLE `forms_question` (
  `id_question` int(11) NOT NULL AUTO_INCREMENT,
  `title` varchar(255) COLLATE utf8_unicode_ci NOT NULL DEFAULT '',
  `description` longtext COLLATE utf8_unicode_ci,
  `id_entry` int(11) DEFAULT '0',
  `id_step` int(11) DEFAULT '0',
  PRIMARY KEY (`id_question`)
) ENGINE=MyISAM AUTO_INCREMENT=7 DEFAULT CHARSET=utf8 COLLATE=utf8_unicode_ci;
/*!40101 SET character_set_client = @saved_cs_client */;

--
-- Dumping data for table `forms_question`
--

LOCK TABLES `forms_question` WRITE;
/*!40000 ALTER TABLE `forms_question` DISABLE KEYS */;
INSERT INTO `forms_question` VALUES (1,'Civilité','',1,1),(2,'Nom','',2,1),(3,'Prénom','',3,1),(4,'Date','',4,1),(5,'Pensez que ...','',5,2),(6,'Commentaire','',6,2);
/*!40000 ALTER TABLE `forms_question` ENABLE KEYS */;
UNLOCK TABLES;

--
-- Table structure for table `forms_question_entry_response`
--

DROP TABLE IF EXISTS `forms_question_entry_response`;
/*!40101 SET @saved_cs_client     = @@character_set_client */;
/*!40101 SET character_set_client = utf8 */;
CREATE TABLE `forms_question_entry_response` (
  `id_question_entry_response` int(11) NOT NULL AUTO_INCREMENT,
  `id_question_response` int(11) NOT NULL DEFAULT '0',
  `id_entry_response` int(11) NOT NULL DEFAULT '0',
  PRIMARY KEY (`id_question_entry_response`)
) ENGINE=MyISAM AUTO_INCREMENT=8 DEFAULT CHARSET=utf8 COLLATE=utf8_unicode_ci;
/*!40101 SET character_set_client = @saved_cs_client */;

--
-- Dumping data for table `forms_question_entry_response`
--

LOCK TABLES `forms_question_entry_response` WRITE;
/*!40000 ALTER TABLE `forms_question_entry_response` DISABLE KEYS */;
INSERT INTO `forms_question_entry_response` VALUES (1,1,1),(2,2,2),(3,3,3),(4,4,4),(5,5,5),(6,5,6),(7,6,7);
/*!40000 ALTER TABLE `forms_question_entry_response` ENABLE KEYS */;
UNLOCK TABLES;

--
-- Table structure for table `forms_question_response`
--

DROP TABLE IF EXISTS `forms_question_response`;
/*!40101 SET @saved_cs_client     = @@character_set_client */;
/*!40101 SET character_set_client = utf8 */;
CREATE TABLE `forms_question_response` (
  `id_question_response` int(11) NOT NULL AUTO_INCREMENT,
  `id_form_response` int(11) NOT NULL DEFAULT '0',
  `id_question` int(11) NOT NULL DEFAULT '0',
  `id_step` int(11) NOT NULL DEFAULT '0',
  `iteration_number` int(11) DEFAULT '0',
  PRIMARY KEY (`id_question_response`)
) ENGINE=MyISAM AUTO_INCREMENT=7 DEFAULT CHARSET=utf8 COLLATE=utf8_unicode_ci;
/*!40101 SET character_set_client = @saved_cs_client */;

--
-- Dumping data for table `forms_question_response`
--

LOCK TABLES `forms_question_response` WRITE;
/*!40000 ALTER TABLE `forms_question_response` DISABLE KEYS */;
INSERT INTO `forms_question_response` VALUES (1,1,1,1,0),(2,1,2,1,0),(3,1,3,1,0),(4,1,4,1,0),(5,1,5,2,0),(6,1,6,2,0);
/*!40000 ALTER TABLE `forms_question_response` ENABLE KEYS */;
UNLOCK TABLES;

--
-- Table structure for table `forms_response`
--

DROP TABLE IF EXISTS `forms_response`;
/*!40101 SET @saved_cs_client     = @@character_set_client */;
/*!40101 SET character_set_client = utf8 */;
CREATE TABLE `forms_response` (
  `id_response` int(11) NOT NULL AUTO_INCREMENT,
  `id_form` int(11) NOT NULL DEFAULT '0',
  `guid` varchar(255) COLLATE utf8_unicode_ci DEFAULT NULL,
  `creation_date` timestamp NOT NULL DEFAULT CURRENT_TIMESTAMP,
  `update_date` timestamp NOT NULL DEFAULT '1979-12-31 23:00:00',
  `from_save` smallint(6) DEFAULT '0',
  PRIMARY KEY (`id_response`)
) ENGINE=MyISAM AUTO_INCREMENT=2 DEFAULT CHARSET=utf8 COLLATE=utf8_unicode_ci;
/*!40101 SET character_set_client = @saved_cs_client */;

--
-- Dumping data for table `forms_response`
--

LOCK TABLES `forms_response` WRITE;
/*!40000 ALTER TABLE `forms_response` DISABLE KEYS */;
INSERT INTO `forms_response` VALUES (1,1,NULL,'2019-02-08 09:10:28','2019-02-08 09:10:28',0);
/*!40000 ALTER TABLE `forms_response` ENABLE KEYS */;
UNLOCK TABLES;

--
-- Table structure for table `forms_response_step`
--

DROP TABLE IF EXISTS `forms_response_step`;
/*!40101 SET @saved_cs_client     = @@character_set_client */;
/*!40101 SET character_set_client = utf8 */;
CREATE TABLE `forms_response_step` (
  `id` int(11) NOT NULL AUTO_INCREMENT,
  `id_form_response` int(11) NOT NULL DEFAULT '0',
  `id_step` int(11) NOT NULL DEFAULT '0',
  `order_response` int(11) NOT NULL DEFAULT '0',
  PRIMARY KEY (`id`)
) ENGINE=MyISAM AUTO_INCREMENT=3 DEFAULT CHARSET=utf8 COLLATE=utf8_unicode_ci;
/*!40101 SET character_set_client = @saved_cs_client */;

--
-- Dumping data for table `forms_response_step`
--

LOCK TABLES `forms_response_step` WRITE;
/*!40000 ALTER TABLE `forms_response_step` DISABLE KEYS */;
INSERT INTO `forms_response_step` VALUES (1,1,1,0),(2,1,2,1);
/*!40000 ALTER TABLE `forms_response_step` ENABLE KEYS */;
UNLOCK TABLES;

--
-- Table structure for table `forms_step`
--

DROP TABLE IF EXISTS `forms_step`;
/*!40101 SET @saved_cs_client     = @@character_set_client */;
/*!40101 SET character_set_client = utf8 */;
CREATE TABLE `forms_step` (
  `id_step` int(11) NOT NULL AUTO_INCREMENT,
  `title` varchar(255) COLLATE utf8_unicode_ci NOT NULL DEFAULT '',
  `description` varchar(255) COLLATE utf8_unicode_ci DEFAULT '',
  `id_form` int(11) NOT NULL DEFAULT '0',
  `is_initial` smallint(6) NOT NULL DEFAULT '0',
  `is_final` smallint(6) NOT NULL DEFAULT '0',
  PRIMARY KEY (`id_step`)
) ENGINE=MyISAM AUTO_INCREMENT=3 DEFAULT CHARSET=utf8 COLLATE=utf8_unicode_ci;
/*!40101 SET character_set_client = @saved_cs_client */;

--
-- Dumping data for table `forms_step`
--

LOCK TABLES `forms_step` WRITE;
/*!40000 ALTER TABLE `forms_step` DISABLE KEYS */;
INSERT INTO `forms_step` VALUES (1,'Identité','',1,1,0),(2,'Que pensez vous de...','',1,0,1);
/*!40000 ALTER TABLE `forms_step` ENABLE KEYS */;
UNLOCK TABLES;

--
-- Table structure for table `forms_transition`
--

DROP TABLE IF EXISTS `forms_transition`;
/*!40101 SET @saved_cs_client     = @@character_set_client */;
/*!40101 SET character_set_client = utf8 */;
CREATE TABLE `forms_transition` (
  `id_transition` int(11) NOT NULL AUTO_INCREMENT,
  `from_step` int(11) NOT NULL,
  `next_step` int(11) NOT NULL,
  `priority` int(11) DEFAULT '0',
  PRIMARY KEY (`id_transition`)
) ENGINE=MyISAM AUTO_INCREMENT=2 DEFAULT CHARSET=utf8 COLLATE=utf8_unicode_ci;
/*!40101 SET character_set_client = @saved_cs_client */;

--
-- Dumping data for table `forms_transition`
--

LOCK TABLES `forms_transition` WRITE;
/*!40000 ALTER TABLE `forms_transition` DISABLE KEYS */;
INSERT INTO `forms_transition` VALUES (1,1,2,1);
/*!40000 ALTER TABLE `forms_transition` ENABLE KEYS */;
UNLOCK TABLES;

--
-- Table structure for table `genatt_entry`
--

DROP TABLE IF EXISTS `genatt_entry`;
/*!40101 SET @saved_cs_client     = @@character_set_client */;
/*!40101 SET character_set_client = utf8 */;
CREATE TABLE `genatt_entry` (
  `id_entry` int(11) NOT NULL DEFAULT '0',
  `id_resource` int(11) NOT NULL DEFAULT '0',
  `resource_type` varchar(255) COLLATE utf8_unicode_ci NOT NULL,
  `id_type` int(11) NOT NULL DEFAULT '0',
  `id_parent` int(11) DEFAULT NULL,
  `title` mediumtext COLLATE utf8_unicode_ci,
  `code` varchar(20) COLLATE utf8_unicode_ci DEFAULT NULL,
  `help_message` mediumtext COLLATE utf8_unicode_ci,
  `comment` mediumtext COLLATE utf8_unicode_ci,
  `mandatory` smallint(6) DEFAULT NULL,
  `fields_in_line` smallint(6) DEFAULT NULL,
  `pos` int(11) DEFAULT NULL,
  `id_field_depend` int(11) DEFAULT NULL,
  `confirm_field` smallint(6) DEFAULT NULL,
  `confirm_field_title` mediumtext COLLATE utf8_unicode_ci,
  `field_unique` smallint(6) DEFAULT NULL,
  `map_provider` varchar(45) COLLATE utf8_unicode_ci DEFAULT NULL,
  `css_class` varchar(255) COLLATE utf8_unicode_ci DEFAULT NULL,
  `pos_conditional` int(11) DEFAULT '0',
  `error_message` mediumtext COLLATE utf8_unicode_ci,
  `num_row` smallint(6) DEFAULT '0',
  `num_column` smallint(6) DEFAULT '0',
  `is_role_associated` smallint(6) DEFAULT '0',
  `is_only_display_back` smallint(6) DEFAULT '0',
  `is_editable_back` smallint(6) DEFAULT '0',
  PRIMARY KEY (`id_entry`),
  KEY `index_genatt_entry_resource` (`id_resource`),
  KEY `index_genatt_entry_parent` (`id_parent`),
  KEY `fk_genatt_entry_type` (`id_type`),
  CONSTRAINT `fk_genatt_entry_type` FOREIGN KEY (`id_type`) REFERENCES `genatt_entry_type` (`id_type`)
) ENGINE=InnoDB DEFAULT CHARSET=utf8 COLLATE=utf8_unicode_ci;
/*!40101 SET character_set_client = @saved_cs_client */;

--
-- Dumping data for table `genatt_entry`
--

LOCK TABLES `genatt_entry` WRITE;
/*!40000 ALTER TABLE `genatt_entry` DISABLE KEYS */;
INSERT INTO `genatt_entry` VALUES (1,1,'FORMS_FORM',101,NULL,'Civilité',NULL,'','',1,1,1,NULL,0,NULL,0,'','',0,NULL,0,0,0,0,0),(2,1,'FORMS_FORM',106,NULL,'Nom',NULL,'','',0,0,2,NULL,0,NULL,0,'','',0,'',0,0,0,0,0),(3,1,'FORMS_FORM',106,NULL,'Prénom',NULL,'','',0,0,3,NULL,0,NULL,0,'','',0,'',0,0,0,0,0),(4,1,'FORMS_FORM',104,NULL,'Date',NULL,'','',0,0,4,NULL,0,NULL,0,'','',0,NULL,0,0,0,0,0),(5,1,'FORMS_FORM',102,NULL,'Pensez que ...',NULL,'','',0,0,5,NULL,0,NULL,0,'','',0,'',0,0,0,0,0),(6,1,'FORMS_FORM',107,NULL,'Commentaire',NULL,'','',0,0,6,NULL,0,NULL,0,'','',0,NULL,0,0,0,0,0);
/*!40000 ALTER TABLE `genatt_entry` ENABLE KEYS */;
UNLOCK TABLES;

--
-- Table structure for table `genatt_entry_type`
--

DROP TABLE IF EXISTS `genatt_entry_type`;
/*!40101 SET @saved_cs_client     = @@character_set_client */;
/*!40101 SET character_set_client = utf8 */;
CREATE TABLE `genatt_entry_type` (
  `id_type` int(11) NOT NULL DEFAULT '0',
  `title` varchar(255) COLLATE utf8_unicode_ci DEFAULT NULL,
  `is_group` smallint(6) DEFAULT NULL,
  `is_comment` int(11) DEFAULT NULL,
  `is_mylutece_user` smallint(6) DEFAULT NULL,
  `class_name` varchar(255) COLLATE utf8_unicode_ci DEFAULT NULL,
  `icon_name` varchar(255) COLLATE utf8_unicode_ci DEFAULT NULL,
  `plugin` varchar(255) COLLATE utf8_unicode_ci NOT NULL,
  PRIMARY KEY (`id_type`),
  KEY `index_genatt_entry_type_plugin` (`plugin`)
) ENGINE=InnoDB DEFAULT CHARSET=utf8 COLLATE=utf8_unicode_ci;
/*!40101 SET character_set_client = @saved_cs_client */;

--
-- Dumping data for table `genatt_entry_type`
--

LOCK TABLES `genatt_entry_type` WRITE;
/*!40000 ALTER TABLE `genatt_entry_type` DISABLE KEYS */;
INSERT INTO `genatt_entry_type` VALUES (101,'Bouton radio',0,0,0,'forms.entryTypeRadioButton','dot-circle-o','forms'),(102,'Case à cocher',0,0,0,'forms.entryTypeCheckBox','check-square-o','forms'),(103,'Commentaire',0,1,0,'forms.entryTypeComment','comment-o','forms'),(104,'Date',0,0,0,'forms.entryTypeDate','calendar','forms'),(105,'Liste déroulante',0,0,0,'forms.entryTypeSelect','list-alt','forms'),(106,'Zone de texte court',0,0,0,'forms.entryTypeText','file-text-o','forms'),(107,'Zone de texte long',0,0,0,'forms.entryTypeTextArea','file-text','forms'),(108,'Fichier',0,0,0,'forms.entryTypeFile','file','forms'),(109,'Géolocalisation',0,0,0,'forms.entryTypeGeolocation','map-o','forms'),(110,'Image',0,0,0,'forms.entryTypeImage','image','forms'),(111,'Utilisateur MyLutece',0,0,1,'forms.entryTypeMyLuteceUser','user','forms'),(112,'Numérotation',0,0,0,'forms.entryTypeNumbering','phone','forms'),(113,'Attribut de l\'utilisateur MyLutece',0,0,0,'forms.entryTypeMyLuteceUserattribute','user','forms'),(114,'Tableau',0,0,0,'forms.entryTypeArray','table','forms'),(115,'Regroupement',1,0,0,'forms.entryTypeGroup','indent','forms'),(116,'Conditions d\'utilisation',0,0,0,'forms.entryTypeTermsOfService','legal','forms');
/*!40000 ALTER TABLE `genatt_entry_type` ENABLE KEYS */;
UNLOCK TABLES;

--
-- Table structure for table `genatt_field`
--

DROP TABLE IF EXISTS `genatt_field`;
/*!40101 SET @saved_cs_client     = @@character_set_client */;
/*!40101 SET character_set_client = utf8 */;
CREATE TABLE `genatt_field` (
  `id_field` int(11) NOT NULL DEFAULT '0',
  `id_entry` int(11) NOT NULL DEFAULT '0',
  `title` varchar(255) COLLATE utf8_unicode_ci DEFAULT NULL,
  `code` varchar(20) COLLATE utf8_unicode_ci DEFAULT NULL,
  `value` mediumtext COLLATE utf8_unicode_ci,
  `height` int(11) DEFAULT NULL,
  `width` int(11) DEFAULT NULL,
  `default_value` smallint(6) DEFAULT NULL,
  `max_size_enter` int(11) DEFAULT NULL,
  `pos` int(11) DEFAULT NULL,
  `value_type_date` date DEFAULT NULL,
  `no_display_title` smallint(6) DEFAULT NULL,
  `comment` mediumtext COLLATE utf8_unicode_ci,
  `role_key` varchar(50) COLLATE utf8_unicode_ci DEFAULT NULL,
  `image_type` varchar(50) COLLATE utf8_unicode_ci DEFAULT NULL,
  PRIMARY KEY (`id_field`),
  KEY `index_genatt_field_entry` (`id_entry`),
  CONSTRAINT `fk_genatt_field_entry` FOREIGN KEY (`id_entry`) REFERENCES `genatt_entry` (`id_entry`)
) ENGINE=InnoDB DEFAULT CHARSET=utf8 COLLATE=utf8_unicode_ci;
/*!40101 SET character_set_client = @saved_cs_client */;

--
-- Dumping data for table `genatt_field`
--

LOCK TABLES `genatt_field` WRITE;
/*!40000 ALTER TABLE `genatt_field` DISABLE KEYS */;
INSERT INTO `genatt_field` VALUES (1,1,'Monsieur',NULL,'1',0,0,1,0,1,NULL,0,'',NULL,NULL),(2,1,'Madame',NULL,'2',0,0,0,0,2,NULL,0,'',NULL,NULL),(3,2,NULL,NULL,'',0,0,0,-1,3,NULL,0,NULL,NULL,NULL),(4,3,NULL,NULL,'',0,0,0,-1,4,NULL,0,NULL,NULL,NULL),(5,4,NULL,NULL,NULL,0,0,0,0,5,NULL,0,NULL,NULL,NULL),(6,5,'aaa',NULL,'a',0,0,0,0,6,NULL,0,'',NULL,NULL),(7,5,'bbb',NULL,'b',0,0,0,0,7,NULL,0,'',NULL,NULL),(8,5,'ccc',NULL,'c',0,0,0,0,8,NULL,0,'',NULL,NULL),(9,6,NULL,NULL,'',8,300,0,-1,9,NULL,0,NULL,NULL,NULL);
/*!40000 ALTER TABLE `genatt_field` ENABLE KEYS */;
UNLOCK TABLES;

--
-- Table structure for table `genatt_response`
--

DROP TABLE IF EXISTS `genatt_response`;
/*!40101 SET @saved_cs_client     = @@character_set_client */;
/*!40101 SET character_set_client = utf8 */;
CREATE TABLE `genatt_response` (
  `id_response` int(11) NOT NULL DEFAULT '0',
  `response_value` mediumtext COLLATE utf8_unicode_ci,
  `id_entry` int(11) DEFAULT NULL,
  `iteration_number` int(11) DEFAULT '-1',
  `id_field` int(11) DEFAULT NULL,
  `id_file` int(11) DEFAULT NULL,
  `status` smallint(6) DEFAULT '1',
  PRIMARY KEY (`id_response`),
  KEY `index_genatt_response_entry` (`id_entry`),
  CONSTRAINT `fk_genatt_response_entry` FOREIGN KEY (`id_entry`) REFERENCES `genatt_entry` (`id_entry`)
) ENGINE=InnoDB DEFAULT CHARSET=utf8 COLLATE=utf8_unicode_ci;
/*!40101 SET character_set_client = @saved_cs_client */;

--
-- Dumping data for table `genatt_response`
--

LOCK TABLES `genatt_response` WRITE;
/*!40000 ALTER TABLE `genatt_response` DISABLE KEYS */;
INSERT INTO `genatt_response` VALUES (1,'1',1,0,1,NULL,1),(2,'gdfgd',2,0,NULL,NULL,1),(3,'dfgd',3,0,NULL,NULL,1),(4,'14/02/2019',4,0,NULL,NULL,1),(5,'b',5,0,7,NULL,1),(6,'c',5,0,8,NULL,1),(7,'gsjklh fjslk s',6,0,NULL,NULL,1);
/*!40000 ALTER TABLE `genatt_response` ENABLE KEYS */;
UNLOCK TABLES;

--
-- Table structure for table `genatt_verify_by`
--

DROP TABLE IF EXISTS `genatt_verify_by`;
/*!40101 SET @saved_cs_client     = @@character_set_client */;
/*!40101 SET character_set_client = utf8 */;
CREATE TABLE `genatt_verify_by` (
  `id_field` int(11) NOT NULL DEFAULT '0',
  `id_expression` int(11) NOT NULL DEFAULT '0',
  PRIMARY KEY (`id_field`,`id_expression`),
  KEY `index_genatt_verify_by_field` (`id_field`),
  CONSTRAINT `fk_genatt_verify_by_field` FOREIGN KEY (`id_field`) REFERENCES `genatt_field` (`id_field`)
) ENGINE=InnoDB DEFAULT CHARSET=utf8 COLLATE=utf8_unicode_ci;
/*!40101 SET character_set_client = @saved_cs_client */;

--
-- Dumping data for table `genatt_verify_by`
--

LOCK TABLES `genatt_verify_by` WRITE;
/*!40000 ALTER TABLE `genatt_verify_by` DISABLE KEYS */;
/*!40000 ALTER TABLE `genatt_verify_by` ENABLE KEYS */;
UNLOCK TABLES;

--
-- Table structure for table `html_portlet`
--

DROP TABLE IF EXISTS `html_portlet`;
/*!40101 SET @saved_cs_client     = @@character_set_client */;
/*!40101 SET character_set_client = utf8 */;
CREATE TABLE `html_portlet` (
  `id_portlet` int(11) NOT NULL DEFAULT '0',
  `html` mediumtext COLLATE utf8_unicode_ci,
  PRIMARY KEY (`id_portlet`)
) ENGINE=MyISAM DEFAULT CHARSET=utf8 COLLATE=utf8_unicode_ci;
/*!40101 SET character_set_client = @saved_cs_client */;

--
-- Dumping data for table `html_portlet`
--

LOCK TABLES `html_portlet` WRITE;
/*!40000 ALTER TABLE `html_portlet` DISABLE KEYS */;
INSERT INTO `html_portlet` VALUES (1,'<div class=\"jumbotron\"> \n <h1>Welcome to LUTECE</h1> \n <h3><small>Lutece is a CMS / Portal and a Web Framework that let you create large and complex sites and applications.</small></h3> \n</div>'),(2,'<ul>\n  <li>Lutece is FreeSoftware. Full OpenSource licensed under\n  BSD.</li>\n  <li>Full responsive design Back and Front</li>\n  <li>Compliant with Bootstrap 3.x themes</li>\n  <li>Very modular and flexible architecture based on plugins,\n  APIs, IoC</li>\n  <li>Over 300 plugins available for many needs : Content\n  Management, Collaborative, Workflows, ...</li>\n  <li>Runs on Java Platform and rely on powerful build tools such\n  as Apache Maven</li>\n  <li>Uses best of breed Java Open Source stacks : Lucene, Spring,\n  Ehcache, Freemarker, ...</li>\n</ul>\n'),(3,'<form class=\"form\" action=\"jsp/admin/AdminLogin.jsp\" method=\"post\"> <div class=\"well\"> \n <span class=\"help-block\">Go and log in as \"admin\" or \"webmaster\".<br>The secret password is \"adminadmin\".</span> \n <br> \n <span class=\"help-block\">The \"admin\" user has all rights and features, whereas the \"webmaster\" user can only work on the editorial content of the site.</span> \n <br> \n <button class=\"btn btn-primary btn-block btn-flat\" type=\"submit\">Display login form</button> \n </div> </form>'),(4,'<h2>Here is a child page sample.</h2>\n<p>&#160;</p>\n<p>This page is divided into 2 columns.</p>\n<p>In each column you can publish several and different portlets :\nHTML, documents, ...</p>\n<p>This page can also have childs.</p>\n<p>&#160;</p>\n<p>&#160;</p>\n'),(90,'<p>&gt; <a href=\"jsp/site/Portal.jsp?page=forms\">Liste des formulaires de test.</a></p> \n<p>Pour la définition du formulaire, se connecter en BackOffice (interface d\'administration), rubrique \"Application / formulaires à étape\" avec le compte admin / adminadmin01 .</p>');
/*!40000 ALTER TABLE `html_portlet` ENABLE KEYS */;
UNLOCK TABLES;

--
-- Table structure for table `htmlpage`
--

DROP TABLE IF EXISTS `htmlpage`;
/*!40101 SET @saved_cs_client     = @@character_set_client */;
/*!40101 SET character_set_client = utf8 */;
CREATE TABLE `htmlpage` (
  `id_htmlpage` int(11) NOT NULL DEFAULT '0',
  `description` varchar(255) COLLATE utf8_unicode_ci NOT NULL DEFAULT '',
  `html_content` mediumtext COLLATE utf8_unicode_ci,
  `status` int(11) NOT NULL DEFAULT '0',
  `workgroup_key` varchar(50) COLLATE utf8_unicode_ci NOT NULL DEFAULT 'all',
  `role` varchar(50) COLLATE utf8_unicode_ci NOT NULL DEFAULT 'none',
  PRIMARY KEY (`id_htmlpage`)
) ENGINE=MyISAM DEFAULT CHARSET=utf8 COLLATE=utf8_unicode_ci;
/*!40101 SET character_set_client = @saved_cs_client */;

--
-- Dumping data for table `htmlpage`
--

LOCK TABLES `htmlpage` WRITE;
/*!40000 ALTER TABLE `htmlpage` DISABLE KEYS */;
/*!40000 ALTER TABLE `htmlpage` ENABLE KEYS */;
UNLOCK TABLES;

--
-- Table structure for table `mydashboard_configuration`
--

DROP TABLE IF EXISTS `mydashboard_configuration`;
/*!40101 SET @saved_cs_client     = @@character_set_client */;
/*!40101 SET character_set_client = utf8 */;
CREATE TABLE `mydashboard_configuration` (
  `my_dashboard_component_id` varchar(50) COLLATE utf8_unicode_ci NOT NULL,
  `id_config` varchar(255) COLLATE utf8_unicode_ci NOT NULL,
  `dashboard_order` int(11) NOT NULL,
  `hide_dashboard` smallint(6) NOT NULL,
  PRIMARY KEY (`my_dashboard_component_id`,`id_config`)
) ENGINE=MyISAM DEFAULT CHARSET=utf8 COLLATE=utf8_unicode_ci;
/*!40101 SET character_set_client = @saved_cs_client */;

--
-- Dumping data for table `mydashboard_configuration`
--

LOCK TABLES `mydashboard_configuration` WRITE;
/*!40000 ALTER TABLE `mydashboard_configuration` DISABLE KEYS */;
/*!40000 ALTER TABLE `mydashboard_configuration` ENABLE KEYS */;
UNLOCK TABLES;

--
-- Table structure for table `mydashboard_dashboard_association`
--

DROP TABLE IF EXISTS `mydashboard_dashboard_association`;
/*!40101 SET @saved_cs_client     = @@character_set_client */;
/*!40101 SET character_set_client = utf8 */;
CREATE TABLE `mydashboard_dashboard_association` (
  `id_dashboard_association` int(6) NOT NULL,
  `id_dashboard` varchar(50) COLLATE utf8_unicode_ci NOT NULL DEFAULT '0',
  `id_panel` int(11) NOT NULL DEFAULT '0',
  `position` int(11) NOT NULL DEFAULT '0',
  PRIMARY KEY (`id_dashboard_association`),
  KEY `fk_id_panel` (`id_panel`)
) ENGINE=MyISAM DEFAULT CHARSET=utf8 COLLATE=utf8_unicode_ci;
/*!40101 SET character_set_client = @saved_cs_client */;

--
-- Dumping data for table `mydashboard_dashboard_association`
--

LOCK TABLES `mydashboard_dashboard_association` WRITE;
/*!40000 ALTER TABLE `mydashboard_dashboard_association` DISABLE KEYS */;
/*!40000 ALTER TABLE `mydashboard_dashboard_association` ENABLE KEYS */;
UNLOCK TABLES;

--
-- Table structure for table `mydashboard_favorites_favorite`
--

DROP TABLE IF EXISTS `mydashboard_favorites_favorite`;
/*!40101 SET @saved_cs_client     = @@character_set_client */;
/*!40101 SET character_set_client = utf8 */;
CREATE TABLE `mydashboard_favorites_favorite` (
  `id_favorite` int(6) NOT NULL,
  `label` varchar(255) COLLATE utf8_unicode_ci NOT NULL DEFAULT '',
  `url` varchar(255) COLLATE utf8_unicode_ci NOT NULL DEFAULT '',
  `is_activated` smallint(6) NOT NULL,
  `provider_name` varchar(255) COLLATE utf8_unicode_ci DEFAULT '',
  `id_remote` varchar(255) COLLATE utf8_unicode_ci DEFAULT NULL,
  `is_default` smallint(6) NOT NULL DEFAULT '0',
  PRIMARY KEY (`id_favorite`)
) ENGINE=MyISAM DEFAULT CHARSET=utf8 COLLATE=utf8_unicode_ci;
/*!40101 SET character_set_client = @saved_cs_client */;

--
-- Dumping data for table `mydashboard_favorites_favorite`
--

LOCK TABLES `mydashboard_favorites_favorite` WRITE;
/*!40000 ALTER TABLE `mydashboard_favorites_favorite` DISABLE KEYS */;
/*!40000 ALTER TABLE `mydashboard_favorites_favorite` ENABLE KEYS */;
UNLOCK TABLES;

--
-- Table structure for table `mydashboard_panel`
--

DROP TABLE IF EXISTS `mydashboard_panel`;
/*!40101 SET @saved_cs_client     = @@character_set_client */;
/*!40101 SET character_set_client = utf8 */;
CREATE TABLE `mydashboard_panel` (
  `id_panel` int(6) NOT NULL,
  `code` varchar(50) COLLATE utf8_unicode_ci NOT NULL DEFAULT '',
  `title` varchar(255) COLLATE utf8_unicode_ci NOT NULL DEFAULT '',
  `description` mediumtext COLLATE utf8_unicode_ci,
  `is_default` smallint(6) NOT NULL,
  PRIMARY KEY (`id_panel`)
) ENGINE=MyISAM DEFAULT CHARSET=utf8 COLLATE=utf8_unicode_ci;
/*!40101 SET character_set_client = @saved_cs_client */;

--
-- Dumping data for table `mydashboard_panel`
--

LOCK TABLES `mydashboard_panel` WRITE;
/*!40000 ALTER TABLE `mydashboard_panel` DISABLE KEYS */;
/*!40000 ALTER TABLE `mydashboard_panel` ENABLE KEYS */;
UNLOCK TABLES;

--
-- Table structure for table `mylutece_attribute`
--

DROP TABLE IF EXISTS `mylutece_attribute`;
/*!40101 SET @saved_cs_client     = @@character_set_client */;
/*!40101 SET character_set_client = utf8 */;
CREATE TABLE `mylutece_attribute` (
  `id_attribute` int(11) NOT NULL DEFAULT '0',
  `type_class_name` varchar(255) COLLATE utf8_unicode_ci DEFAULT NULL,
  `title` mediumtext COLLATE utf8_unicode_ci,
  `help_message` mediumtext COLLATE utf8_unicode_ci,
  `is_mandatory` smallint(6) DEFAULT '0',
  `is_shown_in_search` smallint(6) DEFAULT '0',
  `attribute_position` int(11) DEFAULT '0',
  `plugin_name` varchar(255) COLLATE utf8_unicode_ci DEFAULT NULL,
  `anonymize` smallint(6) DEFAULT NULL,
  PRIMARY KEY (`id_attribute`)
) ENGINE=MyISAM DEFAULT CHARSET=utf8 COLLATE=utf8_unicode_ci;
/*!40101 SET character_set_client = @saved_cs_client */;

--
-- Dumping data for table `mylutece_attribute`
--

LOCK TABLES `mylutece_attribute` WRITE;
/*!40000 ALTER TABLE `mylutece_attribute` DISABLE KEYS */;
/*!40000 ALTER TABLE `mylutece_attribute` ENABLE KEYS */;
UNLOCK TABLES;

--
-- Table structure for table `mylutece_attribute_field`
--

DROP TABLE IF EXISTS `mylutece_attribute_field`;
/*!40101 SET @saved_cs_client     = @@character_set_client */;
/*!40101 SET character_set_client = utf8 */;
CREATE TABLE `mylutece_attribute_field` (
  `id_field` int(11) NOT NULL DEFAULT '0',
  `id_attribute` int(11) DEFAULT NULL,
  `title` varchar(255) COLLATE utf8_unicode_ci DEFAULT NULL,
  `DEFAULT_value` mediumtext COLLATE utf8_unicode_ci,
  `is_DEFAULT_value` smallint(6) DEFAULT '0',
  `height` int(11) DEFAULT NULL,
  `width` int(11) DEFAULT NULL,
  `max_size_enter` int(11) DEFAULT NULL,
  `is_multiple` smallint(6) DEFAULT '0',
  `field_position` int(11) DEFAULT NULL,
  PRIMARY KEY (`id_field`)
) ENGINE=MyISAM DEFAULT CHARSET=utf8 COLLATE=utf8_unicode_ci;
/*!40101 SET character_set_client = @saved_cs_client */;

--
-- Dumping data for table `mylutece_attribute_field`
--

LOCK TABLES `mylutece_attribute_field` WRITE;
/*!40000 ALTER TABLE `mylutece_attribute_field` DISABLE KEYS */;
/*!40000 ALTER TABLE `mylutece_attribute_field` ENABLE KEYS */;
UNLOCK TABLES;

--
-- Table structure for table `mylutece_connections_log`
--

DROP TABLE IF EXISTS `mylutece_connections_log`;
/*!40101 SET @saved_cs_client     = @@character_set_client */;
/*!40101 SET character_set_client = utf8 */;
CREATE TABLE `mylutece_connections_log` (
  `ip_address` varchar(63) COLLATE utf8_unicode_ci DEFAULT NULL,
  `date_login` timestamp NOT NULL DEFAULT CURRENT_TIMESTAMP,
  `login_status` int(11) DEFAULT NULL
) ENGINE=MyISAM DEFAULT CHARSET=utf8 COLLATE=utf8_unicode_ci;
/*!40101 SET character_set_client = @saved_cs_client */;

--
-- Dumping data for table `mylutece_connections_log`
--

LOCK TABLES `mylutece_connections_log` WRITE;
/*!40000 ALTER TABLE `mylutece_connections_log` DISABLE KEYS */;
/*!40000 ALTER TABLE `mylutece_connections_log` ENABLE KEYS */;
UNLOCK TABLES;

--
-- Table structure for table `mylutece_database_group`
--

DROP TABLE IF EXISTS `mylutece_database_group`;
/*!40101 SET @saved_cs_client     = @@character_set_client */;
/*!40101 SET character_set_client = utf8 */;
CREATE TABLE `mylutece_database_group` (
  `group_key` varchar(100) COLLATE utf8_unicode_ci NOT NULL DEFAULT '0',
  `group_description` varchar(200) COLLATE utf8_unicode_ci DEFAULT NULL,
  PRIMARY KEY (`group_key`)
) ENGINE=MyISAM DEFAULT CHARSET=utf8 COLLATE=utf8_unicode_ci;
/*!40101 SET character_set_client = @saved_cs_client */;

--
-- Dumping data for table `mylutece_database_group`
--

LOCK TABLES `mylutece_database_group` WRITE;
/*!40000 ALTER TABLE `mylutece_database_group` DISABLE KEYS */;
/*!40000 ALTER TABLE `mylutece_database_group` ENABLE KEYS */;
UNLOCK TABLES;

--
-- Table structure for table `mylutece_database_group_role`
--

DROP TABLE IF EXISTS `mylutece_database_group_role`;
/*!40101 SET @saved_cs_client     = @@character_set_client */;
/*!40101 SET character_set_client = utf8 */;
CREATE TABLE `mylutece_database_group_role` (
  `group_key` varchar(100) COLLATE utf8_unicode_ci NOT NULL DEFAULT '0',
  `role_key` varchar(50) COLLATE utf8_unicode_ci NOT NULL DEFAULT '0',
  PRIMARY KEY (`group_key`,`role_key`)
) ENGINE=MyISAM DEFAULT CHARSET=utf8 COLLATE=utf8_unicode_ci;
/*!40101 SET character_set_client = @saved_cs_client */;

--
-- Dumping data for table `mylutece_database_group_role`
--

LOCK TABLES `mylutece_database_group_role` WRITE;
/*!40000 ALTER TABLE `mylutece_database_group_role` DISABLE KEYS */;
/*!40000 ALTER TABLE `mylutece_database_group_role` ENABLE KEYS */;
UNLOCK TABLES;

--
-- Table structure for table `mylutece_database_key`
--

DROP TABLE IF EXISTS `mylutece_database_key`;
/*!40101 SET @saved_cs_client     = @@character_set_client */;
/*!40101 SET character_set_client = utf8 */;
CREATE TABLE `mylutece_database_key` (
  `mylutece_database_user_key` varchar(255) COLLATE utf8_unicode_ci NOT NULL,
  `mylutece_database_user_id` int(11) NOT NULL DEFAULT '0',
  PRIMARY KEY (`mylutece_database_user_key`)
) ENGINE=MyISAM DEFAULT CHARSET=utf8 COLLATE=utf8_unicode_ci;
/*!40101 SET character_set_client = @saved_cs_client */;

--
-- Dumping data for table `mylutece_database_key`
--

LOCK TABLES `mylutece_database_key` WRITE;
/*!40000 ALTER TABLE `mylutece_database_key` DISABLE KEYS */;
/*!40000 ALTER TABLE `mylutece_database_key` ENABLE KEYS */;
UNLOCK TABLES;

--
-- Table structure for table `mylutece_database_user`
--

DROP TABLE IF EXISTS `mylutece_database_user`;
/*!40101 SET @saved_cs_client     = @@character_set_client */;
/*!40101 SET character_set_client = utf8 */;
CREATE TABLE `mylutece_database_user` (
  `mylutece_database_user_id` int(11) NOT NULL,
  `login` varchar(100) COLLATE utf8_unicode_ci NOT NULL DEFAULT '',
  `password` mediumtext COLLATE utf8_unicode_ci NOT NULL,
  `name_given` varchar(100) COLLATE utf8_unicode_ci NOT NULL DEFAULT '',
  `name_family` varchar(100) COLLATE utf8_unicode_ci NOT NULL DEFAULT '',
  `email` varchar(100) COLLATE utf8_unicode_ci DEFAULT NULL,
  `is_active` smallint(6) NOT NULL DEFAULT '0',
  `reset_password` smallint(6) NOT NULL DEFAULT '0',
  `password_max_valid_date` timestamp NULL DEFAULT NULL,
  `account_max_valid_date` bigint(20) DEFAULT NULL,
  `nb_alerts_sent` int(11) NOT NULL DEFAULT '0',
  `last_login` timestamp NOT NULL DEFAULT '1979-12-31 23:00:00',
  PRIMARY KEY (`mylutece_database_user_id`)
) ENGINE=MyISAM DEFAULT CHARSET=utf8 COLLATE=utf8_unicode_ci;
/*!40101 SET character_set_client = @saved_cs_client */;

--
-- Dumping data for table `mylutece_database_user`
--

LOCK TABLES `mylutece_database_user` WRITE;
/*!40000 ALTER TABLE `mylutece_database_user` DISABLE KEYS */;
/*!40000 ALTER TABLE `mylutece_database_user` ENABLE KEYS */;
UNLOCK TABLES;

--
-- Table structure for table `mylutece_database_user_group`
--

DROP TABLE IF EXISTS `mylutece_database_user_group`;
/*!40101 SET @saved_cs_client     = @@character_set_client */;
/*!40101 SET character_set_client = utf8 */;
CREATE TABLE `mylutece_database_user_group` (
  `mylutece_database_user_id` int(11) NOT NULL DEFAULT '0',
  `group_key` varchar(100) COLLATE utf8_unicode_ci NOT NULL DEFAULT '',
  PRIMARY KEY (`mylutece_database_user_id`,`group_key`)
) ENGINE=MyISAM DEFAULT CHARSET=utf8 COLLATE=utf8_unicode_ci;
/*!40101 SET character_set_client = @saved_cs_client */;

--
-- Dumping data for table `mylutece_database_user_group`
--

LOCK TABLES `mylutece_database_user_group` WRITE;
/*!40000 ALTER TABLE `mylutece_database_user_group` DISABLE KEYS */;
/*!40000 ALTER TABLE `mylutece_database_user_group` ENABLE KEYS */;
UNLOCK TABLES;

--
-- Table structure for table `mylutece_database_user_parameter`
--

DROP TABLE IF EXISTS `mylutece_database_user_parameter`;
/*!40101 SET @saved_cs_client     = @@character_set_client */;
/*!40101 SET character_set_client = utf8 */;
CREATE TABLE `mylutece_database_user_parameter` (
  `parameter_key` varchar(100) COLLATE utf8_unicode_ci NOT NULL,
  `parameter_value` varchar(100) COLLATE utf8_unicode_ci NOT NULL,
  PRIMARY KEY (`parameter_key`)
) ENGINE=MyISAM DEFAULT CHARSET=utf8 COLLATE=utf8_unicode_ci;
/*!40101 SET character_set_client = @saved_cs_client */;

--
-- Dumping data for table `mylutece_database_user_parameter`
--

LOCK TABLES `mylutece_database_user_parameter` WRITE;
/*!40000 ALTER TABLE `mylutece_database_user_parameter` DISABLE KEYS */;
INSERT INTO `mylutece_database_user_parameter` VALUES ('account_creation_validation_email','false'),('auto_login_after_validation_email','false'),('enable_jcaptcha','false'),('force_change_password_reinit',''),('password_minimum_length','8'),('password_format_upper_lower_case','false'),('password_format_numero','false'),('password_format_special_characters','false'),('password_duration',''),('password_history_size',''),('maximum_number_password_change',''),('tsw_size_password_change',''),('use_advanced_security_parameters','false'),('account_life_time','360'),('time_before_alert_account','30'),('nb_alert_account','2'),('time_between_alerts_account','10'),('access_failures_max','3'),('access_failures_interval','10'),('expired_alert_mail_sender','LUTECE'),('expired_alert_mail_subject','Votre compte a expiré'),('first_alert_mail_sender','LUTECE'),('first_alert_mail_subject','Votre compte va bientot expirer'),('other_alert_mail_sender','LUTECE'),('other_alert_mail_subject','Votre compte va bientot expirer'),('account_reactivated_mail_sender','LUTECE'),('account_reactivated_mail_subject','Votre compte a bien été réactivé'),('access_failures_captcha','1'),('unblock_user_mail_sender','LUTECE'),('unblock_user_mail_subject','Votre IP a été bloquée'),('enable_unblock_ip','false'),('notify_user_password_expired',''),('password_expired_mail_sender','LUTECE'),('password_expired_mail_subject','Votre mot de passe a expiré'),('mail_lost_password_sender','LUTECE'),('mail_lost_password_subject','Votre mot de passe a été réinitialisé'),('mail_password_encryption_changed_sender','LUTECE'),('mail_password_encryption_changed_subject','Votre mot de passe a été réinitialisé');
/*!40000 ALTER TABLE `mylutece_database_user_parameter` ENABLE KEYS */;
UNLOCK TABLES;

--
-- Table structure for table `mylutece_database_user_password_history`
--

DROP TABLE IF EXISTS `mylutece_database_user_password_history`;
/*!40101 SET @saved_cs_client     = @@character_set_client */;
/*!40101 SET character_set_client = utf8 */;
CREATE TABLE `mylutece_database_user_password_history` (
  `mylutece_database_user_id` int(11) NOT NULL,
  `password` mediumtext COLLATE utf8_unicode_ci NOT NULL,
  `date_password_change` timestamp NOT NULL DEFAULT CURRENT_TIMESTAMP,
  PRIMARY KEY (`mylutece_database_user_id`,`date_password_change`)
) ENGINE=MyISAM DEFAULT CHARSET=utf8 COLLATE=utf8_unicode_ci;
/*!40101 SET character_set_client = @saved_cs_client */;

--
-- Dumping data for table `mylutece_database_user_password_history`
--

LOCK TABLES `mylutece_database_user_password_history` WRITE;
/*!40000 ALTER TABLE `mylutece_database_user_password_history` DISABLE KEYS */;
/*!40000 ALTER TABLE `mylutece_database_user_password_history` ENABLE KEYS */;
UNLOCK TABLES;

--
-- Table structure for table `mylutece_database_user_role`
--

DROP TABLE IF EXISTS `mylutece_database_user_role`;
/*!40101 SET @saved_cs_client     = @@character_set_client */;
/*!40101 SET character_set_client = utf8 */;
CREATE TABLE `mylutece_database_user_role` (
  `mylutece_database_user_id` int(11) NOT NULL DEFAULT '0',
  `role_key` varchar(50) COLLATE utf8_unicode_ci NOT NULL DEFAULT '',
  PRIMARY KEY (`mylutece_database_user_id`,`role_key`)
) ENGINE=MyISAM DEFAULT CHARSET=utf8 COLLATE=utf8_unicode_ci;
/*!40101 SET character_set_client = @saved_cs_client */;

--
-- Dumping data for table `mylutece_database_user_role`
--

LOCK TABLES `mylutece_database_user_role` WRITE;
/*!40000 ALTER TABLE `mylutece_database_user_role` DISABLE KEYS */;
/*!40000 ALTER TABLE `mylutece_database_user_role` ENABLE KEYS */;
UNLOCK TABLES;

--
-- Table structure for table `mylutece_user_anonymize_field`
--

DROP TABLE IF EXISTS `mylutece_user_anonymize_field`;
/*!40101 SET @saved_cs_client     = @@character_set_client */;
/*!40101 SET character_set_client = utf8 */;
CREATE TABLE `mylutece_user_anonymize_field` (
  `field_name` varchar(100) COLLATE utf8_unicode_ci NOT NULL,
  `anonymize` smallint(6) NOT NULL,
  PRIMARY KEY (`field_name`)
) ENGINE=MyISAM DEFAULT CHARSET=utf8 COLLATE=utf8_unicode_ci;
/*!40101 SET character_set_client = @saved_cs_client */;

--
-- Dumping data for table `mylutece_user_anonymize_field`
--

LOCK TABLES `mylutece_user_anonymize_field` WRITE;
/*!40000 ALTER TABLE `mylutece_user_anonymize_field` DISABLE KEYS */;
INSERT INTO `mylutece_user_anonymize_field` VALUES ('login',1),('name_given',1),('name_family',1),('email',1);
/*!40000 ALTER TABLE `mylutece_user_anonymize_field` ENABLE KEYS */;
UNLOCK TABLES;

--
-- Table structure for table `mylutece_user_field`
--

DROP TABLE IF EXISTS `mylutece_user_field`;
/*!40101 SET @saved_cs_client     = @@character_set_client */;
/*!40101 SET character_set_client = utf8 */;
CREATE TABLE `mylutece_user_field` (
  `id_user_field` int(11) NOT NULL DEFAULT '0',
  `id_user` int(11) DEFAULT NULL,
  `id_attribute` int(11) DEFAULT NULL,
  `id_field` int(11) DEFAULT NULL,
  `user_field_value` mediumtext COLLATE utf8_unicode_ci,
  PRIMARY KEY (`id_user_field`)
) ENGINE=MyISAM DEFAULT CHARSET=utf8 COLLATE=utf8_unicode_ci;
/*!40101 SET character_set_client = @saved_cs_client */;

--
-- Dumping data for table `mylutece_user_field`
--

LOCK TABLES `mylutece_user_field` WRITE;
/*!40000 ALTER TABLE `mylutece_user_field` DISABLE KEYS */;
/*!40000 ALTER TABLE `mylutece_user_field` ENABLE KEYS */;
UNLOCK TABLES;

--
-- Table structure for table `profile_action`
--

DROP TABLE IF EXISTS `profile_action`;
/*!40101 SET @saved_cs_client     = @@character_set_client */;
/*!40101 SET character_set_client = utf8 */;
CREATE TABLE `profile_action` (
  `id_action` int(11) NOT NULL DEFAULT '0',
  `name_key` varchar(100) COLLATE utf8_unicode_ci DEFAULT NULL,
  `description_key` varchar(100) COLLATE utf8_unicode_ci DEFAULT NULL,
  `action_url` varchar(255) COLLATE utf8_unicode_ci DEFAULT NULL,
  `icon_url` varchar(255) COLLATE utf8_unicode_ci DEFAULT NULL,
  `action_permission` varchar(255) COLLATE utf8_unicode_ci DEFAULT NULL,
  PRIMARY KEY (`id_action`)
) ENGINE=MyISAM DEFAULT CHARSET=utf8 COLLATE=utf8_unicode_ci;
/*!40101 SET character_set_client = @saved_cs_client */;

--
-- Dumping data for table `profile_action`
--

LOCK TABLES `profile_action` WRITE;
/*!40000 ALTER TABLE `profile_action` DISABLE KEYS */;
INSERT INTO `profile_action` VALUES (1,'profiles.action.modify_profile.name','profiles.action.modify_profile.description','jsp/admin/plugins/profiles/ModifyProfile.jsp','fa fa-edit','MODIFY_PROFILE'),(2,'profiles.action.delete_profile.name','profiles.action.delete_profile.description','jsp/admin/plugins/profiles/RemoveProfile.jsp','fa fa-trash','DELETE_DELETE'),(3,'profiles.action.manage_users_assignment.name','profiles.action.manage_users_assignment.description','jsp/admin/plugins/profiles/AssignUsersProfile.jsp','fa fa-user','MANAGE_USERS_ASSIGNMENT'),(4,'profiles.action.manage_rights_assignment.name','profiles.action.manage_rights_assignment.description','jsp/admin/plugins/profiles/AssignRightsProfile.jsp','fa fa-lock','MANAGE_RIGHTS_ASSIGNMENT'),(5,'profiles.action.manage_roles_assignment.name','profiles.action.manage_roles_assignment.description','jsp/admin/plugins/profiles/AssignRolesProfile.jsp','fa fa-th-list','MANAGE_ROLES_ASSIGNMENT'),(6,'profiles.action.manage_workgroups_assignment.name','profiles.action.manage_workgroups_assignment.description','jsp/admin/plugins/profiles/AssignWorkgroupsProfile.jsp','fa fa-group','MANAGE_WORKGROUPS_ASSIGNMENT'),(7,'profiles.action.manage_view_assignment.name','profiles.action.manage_view_assignment.description','jsp/admin/plugins/profiles/AssignViewProfile.jsp','fa fa-eye','MANAGE_VIEW_ASSIGNMENT');
/*!40000 ALTER TABLE `profile_action` ENABLE KEYS */;
UNLOCK TABLES;

--
-- Table structure for table `profile_profile`
--

DROP TABLE IF EXISTS `profile_profile`;
/*!40101 SET @saved_cs_client     = @@character_set_client */;
/*!40101 SET character_set_client = utf8 */;
CREATE TABLE `profile_profile` (
  `profile_key` varchar(50) COLLATE utf8_unicode_ci NOT NULL DEFAULT '',
  `profile_description` varchar(255) COLLATE utf8_unicode_ci DEFAULT NULL,
  PRIMARY KEY (`profile_key`)
) ENGINE=MyISAM DEFAULT CHARSET=utf8 COLLATE=utf8_unicode_ci;
/*!40101 SET character_set_client = @saved_cs_client */;

--
-- Dumping data for table `profile_profile`
--

LOCK TABLES `profile_profile` WRITE;
/*!40000 ALTER TABLE `profile_profile` DISABLE KEYS */;
/*!40000 ALTER TABLE `profile_profile` ENABLE KEYS */;
UNLOCK TABLES;

--
-- Table structure for table `profile_right`
--

DROP TABLE IF EXISTS `profile_right`;
/*!40101 SET @saved_cs_client     = @@character_set_client */;
/*!40101 SET character_set_client = utf8 */;
CREATE TABLE `profile_right` (
  `profile_key` varchar(50) COLLATE utf8_unicode_ci NOT NULL DEFAULT '',
  `id_right` varchar(50) COLLATE utf8_unicode_ci NOT NULL DEFAULT '',
  PRIMARY KEY (`profile_key`,`id_right`)
) ENGINE=MyISAM DEFAULT CHARSET=utf8 COLLATE=utf8_unicode_ci;
/*!40101 SET character_set_client = @saved_cs_client */;

--
-- Dumping data for table `profile_right`
--

LOCK TABLES `profile_right` WRITE;
/*!40000 ALTER TABLE `profile_right` DISABLE KEYS */;
/*!40000 ALTER TABLE `profile_right` ENABLE KEYS */;
UNLOCK TABLES;

--
-- Table structure for table `profile_role`
--

DROP TABLE IF EXISTS `profile_role`;
/*!40101 SET @saved_cs_client     = @@character_set_client */;
/*!40101 SET character_set_client = utf8 */;
CREATE TABLE `profile_role` (
  `profile_key` varchar(50) COLLATE utf8_unicode_ci NOT NULL DEFAULT '',
  `role_key` varchar(50) COLLATE utf8_unicode_ci NOT NULL DEFAULT '',
  PRIMARY KEY (`profile_key`,`role_key`)
) ENGINE=MyISAM DEFAULT CHARSET=utf8 COLLATE=utf8_unicode_ci;
/*!40101 SET character_set_client = @saved_cs_client */;

--
-- Dumping data for table `profile_role`
--

LOCK TABLES `profile_role` WRITE;
/*!40000 ALTER TABLE `profile_role` DISABLE KEYS */;
/*!40000 ALTER TABLE `profile_role` ENABLE KEYS */;
UNLOCK TABLES;

--
-- Table structure for table `profile_user`
--

DROP TABLE IF EXISTS `profile_user`;
/*!40101 SET @saved_cs_client     = @@character_set_client */;
/*!40101 SET character_set_client = utf8 */;
CREATE TABLE `profile_user` (
  `profile_key` varchar(50) COLLATE utf8_unicode_ci NOT NULL DEFAULT '',
  `id_user` int(11) NOT NULL DEFAULT '0',
  PRIMARY KEY (`profile_key`,`id_user`)
) ENGINE=MyISAM DEFAULT CHARSET=utf8 COLLATE=utf8_unicode_ci;
/*!40101 SET character_set_client = @saved_cs_client */;

--
-- Dumping data for table `profile_user`
--

LOCK TABLES `profile_user` WRITE;
/*!40000 ALTER TABLE `profile_user` DISABLE KEYS */;
/*!40000 ALTER TABLE `profile_user` ENABLE KEYS */;
UNLOCK TABLES;

--
-- Table structure for table `profile_view`
--

DROP TABLE IF EXISTS `profile_view`;
/*!40101 SET @saved_cs_client     = @@character_set_client */;
/*!40101 SET character_set_client = utf8 */;
CREATE TABLE `profile_view` (
  `view_key` varchar(50) COLLATE utf8_unicode_ci NOT NULL DEFAULT '',
  `view_description` varchar(255) COLLATE utf8_unicode_ci DEFAULT NULL,
  PRIMARY KEY (`view_key`)
) ENGINE=MyISAM DEFAULT CHARSET=utf8 COLLATE=utf8_unicode_ci;
/*!40101 SET character_set_client = @saved_cs_client */;

--
-- Dumping data for table `profile_view`
--

LOCK TABLES `profile_view` WRITE;
/*!40000 ALTER TABLE `profile_view` DISABLE KEYS */;
INSERT INTO `profile_view` VALUES ('VUE_TEST','test');
/*!40000 ALTER TABLE `profile_view` ENABLE KEYS */;
UNLOCK TABLES;

--
-- Table structure for table `profile_view_action`
--

DROP TABLE IF EXISTS `profile_view_action`;
/*!40101 SET @saved_cs_client     = @@character_set_client */;
/*!40101 SET character_set_client = utf8 */;
CREATE TABLE `profile_view_action` (
  `id_action` int(11) NOT NULL DEFAULT '0',
  `name_key` varchar(100) COLLATE utf8_unicode_ci DEFAULT NULL,
  `description_key` varchar(100) COLLATE utf8_unicode_ci DEFAULT NULL,
  `action_url` varchar(255) COLLATE utf8_unicode_ci DEFAULT NULL,
  `icon_url` varchar(255) COLLATE utf8_unicode_ci DEFAULT NULL,
  `action_permission` varchar(255) COLLATE utf8_unicode_ci DEFAULT NULL,
  PRIMARY KEY (`id_action`)
) ENGINE=MyISAM DEFAULT CHARSET=utf8 COLLATE=utf8_unicode_ci;
/*!40101 SET character_set_client = @saved_cs_client */;

--
-- Dumping data for table `profile_view_action`
--

LOCK TABLES `profile_view_action` WRITE;
/*!40000 ALTER TABLE `profile_view_action` DISABLE KEYS */;
INSERT INTO `profile_view_action` VALUES (1,'profiles.action.modify_view.name','profiles.action.modify_view.description','jsp/admin/plugins/profiles/ModifyView.jsp','fa fa-edit','MODIFY_VIEW'),(2,'profiles.action.delete_view.name','profiles.action.delete_view.description','jsp/admin/plugins/profiles/RemoveView.jsp','fa fa-trash','DELETE_VIEW'),(3,'profiles.action.manage_views_assignment.name','profiles.action.manage_views_assignment.description','jsp/admin/plugins/profiles/AssignProfilesView.jsp','fa fa-hand-o-right','MANAGE_PROFILES_ASSIGNMENT'),(4,'profiles.action.manage_dashboards.name','profiles.action.manage_dashboards.description','jsp/admin/plugins/profiles/ManageDashboards.jsp','fa fa-wrench','MANAGE_DASHBOARDS');
/*!40000 ALTER TABLE `profile_view_action` ENABLE KEYS */;
UNLOCK TABLES;

--
-- Table structure for table `profile_view_dashboard`
--

DROP TABLE IF EXISTS `profile_view_dashboard`;
/*!40101 SET @saved_cs_client     = @@character_set_client */;
/*!40101 SET character_set_client = utf8 */;
CREATE TABLE `profile_view_dashboard` (
  `view_key` varchar(50) COLLATE utf8_unicode_ci NOT NULL DEFAULT '',
  `dashboard_name` varchar(100) COLLATE utf8_unicode_ci NOT NULL,
  `dashboard_column` int(11) NOT NULL,
  `dashboard_order` int(11) NOT NULL,
  PRIMARY KEY (`view_key`,`dashboard_name`)
) ENGINE=MyISAM DEFAULT CHARSET=utf8 COLLATE=utf8_unicode_ci;
/*!40101 SET character_set_client = @saved_cs_client */;

--
-- Dumping data for table `profile_view_dashboard`
--

LOCK TABLES `profile_view_dashboard` WRITE;
/*!40000 ALTER TABLE `profile_view_dashboard` DISABLE KEYS */;
/*!40000 ALTER TABLE `profile_view_dashboard` ENABLE KEYS */;
UNLOCK TABLES;

--
-- Table structure for table `profile_view_profile`
--

DROP TABLE IF EXISTS `profile_view_profile`;
/*!40101 SET @saved_cs_client     = @@character_set_client */;
/*!40101 SET character_set_client = utf8 */;
CREATE TABLE `profile_view_profile` (
  `view_key` varchar(50) COLLATE utf8_unicode_ci NOT NULL DEFAULT '',
  `profile_key` varchar(50) COLLATE utf8_unicode_ci NOT NULL DEFAULT '',
  PRIMARY KEY (`view_key`,`profile_key`)
) ENGINE=MyISAM DEFAULT CHARSET=utf8 COLLATE=utf8_unicode_ci;
/*!40101 SET character_set_client = @saved_cs_client */;

--
-- Dumping data for table `profile_view_profile`
--

LOCK TABLES `profile_view_profile` WRITE;
/*!40000 ALTER TABLE `profile_view_profile` DISABLE KEYS */;
/*!40000 ALTER TABLE `profile_view_profile` ENABLE KEYS */;
UNLOCK TABLES;

--
-- Table structure for table `profile_workgroup`
--

DROP TABLE IF EXISTS `profile_workgroup`;
/*!40101 SET @saved_cs_client     = @@character_set_client */;
/*!40101 SET character_set_client = utf8 */;
CREATE TABLE `profile_workgroup` (
  `profile_key` varchar(50) COLLATE utf8_unicode_ci NOT NULL DEFAULT '',
  `workgroup_key` varchar(50) COLLATE utf8_unicode_ci NOT NULL DEFAULT '',
  PRIMARY KEY (`profile_key`,`workgroup_key`)
) ENGINE=MyISAM DEFAULT CHARSET=utf8 COLLATE=utf8_unicode_ci;
/*!40101 SET character_set_client = @saved_cs_client */;

--
-- Dumping data for table `profile_workgroup`
--

LOCK TABLES `profile_workgroup` WRITE;
/*!40000 ALTER TABLE `profile_workgroup` DISABLE KEYS */;
/*!40000 ALTER TABLE `profile_workgroup` ENABLE KEYS */;
UNLOCK TABLES;

--
-- Table structure for table `regularexpression_regular_expression`
--

DROP TABLE IF EXISTS `regularexpression_regular_expression`;
/*!40101 SET @saved_cs_client     = @@character_set_client */;
/*!40101 SET character_set_client = utf8 */;
CREATE TABLE `regularexpression_regular_expression` (
  `id_expression` int(11) NOT NULL DEFAULT '0',
  `title` varchar(255) COLLATE utf8_unicode_ci DEFAULT NULL,
  `regular_expression_value` mediumtext COLLATE utf8_unicode_ci,
  `valid_exemple` mediumtext COLLATE utf8_unicode_ci,
  `information_message` mediumtext COLLATE utf8_unicode_ci,
  `error_message` mediumtext COLLATE utf8_unicode_ci,
  PRIMARY KEY (`id_expression`)
) ENGINE=MyISAM DEFAULT CHARSET=utf8 COLLATE=utf8_unicode_ci;
/*!40101 SET character_set_client = @saved_cs_client */;

--
-- Dumping data for table `regularexpression_regular_expression`
--

LOCK TABLES `regularexpression_regular_expression` WRITE;
/*!40000 ALTER TABLE `regularexpression_regular_expression` DISABLE KEYS */;
INSERT INTO `regularexpression_regular_expression` VALUES (1,'Fichier JPG','image/jpeg','image/jpeg','Expression régulière pour les fichiers de type jpeg.','Le format du fichier n\'est pas valide. Veuillez choisir une image de type jpeg.'),(2,'Email','(^([a-zA-Z0-9]+(([\\.\\-\\_]?[a-zA-Z0-9]+)+)?)\\@(([a-zA-Z0-9]+[\\.\\-\\_])+[a-zA-Z]{2,4})$)|(^$)','admin@lutece.fr','Expression régulière pour les emails.','Le format de l\'email est incorrect.');
/*!40000 ALTER TABLE `regularexpression_regular_expression` ENABLE KEYS */;
UNLOCK TABLES;

--
-- Table structure for table `subscribe_subscription`
--

DROP TABLE IF EXISTS `subscribe_subscription`;
/*!40101 SET @saved_cs_client     = @@character_set_client */;
/*!40101 SET character_set_client = utf8 */;
CREATE TABLE `subscribe_subscription` (
  `id_subscription` int(11) NOT NULL DEFAULT '0',
  `id_user` varchar(255) COLLATE utf8_unicode_ci NOT NULL DEFAULT '0',
  `subscription_provider` varchar(255) COLLATE utf8_unicode_ci DEFAULT NULL,
  `subscription_key` varchar(255) COLLATE utf8_unicode_ci NOT NULL DEFAULT '',
  `id_subscribed_resource` varchar(255) COLLATE utf8_unicode_ci NOT NULL DEFAULT '',
  PRIMARY KEY (`id_subscription`)
) ENGINE=MyISAM DEFAULT CHARSET=utf8 COLLATE=utf8_unicode_ci;
/*!40101 SET character_set_client = @saved_cs_client */;

--
-- Dumping data for table `subscribe_subscription`
--

LOCK TABLES `subscribe_subscription` WRITE;
/*!40000 ALTER TABLE `subscribe_subscription` DISABLE KEYS */;
/*!40000 ALTER TABLE `subscribe_subscription` ENABLE KEYS */;
UNLOCK TABLES;

--
-- Table structure for table `task_create_pdf_cf`
--

DROP TABLE IF EXISTS `task_create_pdf_cf`;
/*!40101 SET @saved_cs_client     = @@character_set_client */;
/*!40101 SET character_set_client = utf8 */;
CREATE TABLE `task_create_pdf_cf` (
  `id_task` int(11) NOT NULL,
  `id_form` int(11) DEFAULT NULL,
  `id_question_url_pdf` int(11) DEFAULT NULL,
  `id_config` int(11) DEFAULT NULL,
  PRIMARY KEY (`id_task`)
) ENGINE=MyISAM DEFAULT CHARSET=utf8 COLLATE=utf8_unicode_ci;
/*!40101 SET character_set_client = @saved_cs_client */;

--
-- Dumping data for table `task_create_pdf_cf`
--

LOCK TABLES `task_create_pdf_cf` WRITE;
/*!40000 ALTER TABLE `task_create_pdf_cf` DISABLE KEYS */;
/*!40000 ALTER TABLE `task_create_pdf_cf` ENABLE KEYS */;
UNLOCK TABLES;

--
-- Table structure for table `workflow_action`
--

DROP TABLE IF EXISTS `workflow_action`;
/*!40101 SET @saved_cs_client     = @@character_set_client */;
/*!40101 SET character_set_client = utf8 */;
CREATE TABLE `workflow_action` (
  `id_action` int(11) NOT NULL AUTO_INCREMENT,
  `name` varchar(255) COLLATE utf8_unicode_ci DEFAULT NULL,
  `description` mediumtext COLLATE utf8_unicode_ci,
  `id_workflow` int(11) DEFAULT NULL,
  `id_state_before` int(11) DEFAULT NULL,
  `id_state_after` int(11) DEFAULT NULL,
  `id_icon` int(11) DEFAULT NULL,
  `is_automatic` smallint(6) DEFAULT '0',
  `is_mass_action` smallint(6) DEFAULT '0',
  `display_order` int(11) DEFAULT '0',
  `is_automatic_reflexive_action` smallint(6) DEFAULT '0',
  PRIMARY KEY (`id_action`),
  KEY `action_id_workflow_fk` (`id_workflow`),
  KEY `action_id_state_before_fk` (`id_state_before`),
  KEY `action_id_state_after_fk` (`id_state_after`),
  KEY `action_id_icon_fk` (`id_icon`)
) ENGINE=MyISAM AUTO_INCREMENT=3 DEFAULT CHARSET=utf8 COLLATE=utf8_unicode_ci;
/*!40101 SET character_set_client = @saved_cs_client */;

--
-- Dumping data for table `workflow_action`
--

LOCK TABLES `workflow_action` WRITE;
/*!40000 ALTER TABLE `workflow_action` DISABLE KEYS */;
INSERT INTO `workflow_action` VALUES (1,'Valider la demande','test',1,1,2,1,0,0,1,0),(2,'Refuser la demande','test',1,1,3,2,0,0,2,0);
/*!40000 ALTER TABLE `workflow_action` ENABLE KEYS */;
UNLOCK TABLES;

--
-- Table structure for table `workflow_action_action`
--

DROP TABLE IF EXISTS `workflow_action_action`;
/*!40101 SET @saved_cs_client     = @@character_set_client */;
/*!40101 SET character_set_client = utf8 */;
CREATE TABLE `workflow_action_action` (
  `id_action` int(11) NOT NULL DEFAULT '0',
  `id_linked_action` int(11) NOT NULL DEFAULT '0',
  PRIMARY KEY (`id_action`,`id_linked_action`)
) ENGINE=MyISAM DEFAULT CHARSET=utf8 COLLATE=utf8_unicode_ci;
/*!40101 SET character_set_client = @saved_cs_client */;

--
-- Dumping data for table `workflow_action_action`
--

LOCK TABLES `workflow_action_action` WRITE;
/*!40000 ALTER TABLE `workflow_action_action` DISABLE KEYS */;
/*!40000 ALTER TABLE `workflow_action_action` ENABLE KEYS */;
UNLOCK TABLES;

--
-- Table structure for table `workflow_assignment_history`
--

DROP TABLE IF EXISTS `workflow_assignment_history`;
/*!40101 SET @saved_cs_client     = @@character_set_client */;
/*!40101 SET character_set_client = utf8 */;
CREATE TABLE `workflow_assignment_history` (
  `id_history` int(11) NOT NULL DEFAULT '0',
  `id_task` int(11) NOT NULL,
  `workgroup_key` varchar(255) COLLATE utf8_unicode_ci NOT NULL,
  PRIMARY KEY (`id_history`,`id_task`,`workgroup_key`),
  KEY `assignment_id_history_fk` (`id_history`),
  KEY `assignment_id_task_fk` (`id_task`)
) ENGINE=MyISAM DEFAULT CHARSET=utf8 COLLATE=utf8_unicode_ci;
/*!40101 SET character_set_client = @saved_cs_client */;

--
-- Dumping data for table `workflow_assignment_history`
--

LOCK TABLES `workflow_assignment_history` WRITE;
/*!40000 ALTER TABLE `workflow_assignment_history` DISABLE KEYS */;
/*!40000 ALTER TABLE `workflow_assignment_history` ENABLE KEYS */;
UNLOCK TABLES;

--
-- Table structure for table `workflow_forms_auto_assignment`
--

DROP TABLE IF EXISTS `workflow_forms_auto_assignment`;
/*!40101 SET @saved_cs_client     = @@character_set_client */;
/*!40101 SET character_set_client = utf8 */;
CREATE TABLE `workflow_forms_auto_assignment` (
  `id_task` int(11) NOT NULL,
  `id_question` int(11) NOT NULL,
  `value` int(11) NOT NULL,
  `workgroup_key` varchar(255) COLLATE utf8_unicode_ci NOT NULL,
  PRIMARY KEY (`id_task`,`id_question`,`value`,`workgroup_key`)
) ENGINE=MyISAM DEFAULT CHARSET=utf8 COLLATE=utf8_unicode_ci;
/*!40101 SET character_set_client = @saved_cs_client */;

--
-- Dumping data for table `workflow_forms_auto_assignment`
--

LOCK TABLES `workflow_forms_auto_assignment` WRITE;
/*!40000 ALTER TABLE `workflow_forms_auto_assignment` DISABLE KEYS */;
/*!40000 ALTER TABLE `workflow_forms_auto_assignment` ENABLE KEYS */;
UNLOCK TABLES;

--
-- Table structure for table `workflow_forms_auto_assignment_cf`
--

DROP TABLE IF EXISTS `workflow_forms_auto_assignment_cf`;
/*!40101 SET @saved_cs_client     = @@character_set_client */;
/*!40101 SET character_set_client = utf8 */;
CREATE TABLE `workflow_forms_auto_assignment_cf` (
  `id_task` int(11) NOT NULL,
  `id_form` int(11) NOT NULL,
  `title` varchar(255) COLLATE utf8_unicode_ci DEFAULT NULL,
  `is_notify` smallint(6) DEFAULT '0',
  `sender_name` varchar(255) COLLATE utf8_unicode_ci DEFAULT NULL,
  `message` mediumtext COLLATE utf8_unicode_ci,
  `subject` varchar(255) COLLATE utf8_unicode_ci DEFAULT NULL,
  `is_view_form_response` smallint(6) NOT NULL DEFAULT '0',
  `label_link_view_form_response` varchar(255) COLLATE utf8_unicode_ci DEFAULT NULL,
  `recipients_cc` varchar(255) COLLATE utf8_unicode_ci NOT NULL DEFAULT '',
  `recipients_bcc` varchar(255) COLLATE utf8_unicode_ci NOT NULL DEFAULT '',
  PRIMARY KEY (`id_task`)
) ENGINE=MyISAM DEFAULT CHARSET=utf8 COLLATE=utf8_unicode_ci;
/*!40101 SET character_set_client = @saved_cs_client */;

--
-- Dumping data for table `workflow_forms_auto_assignment_cf`
--

LOCK TABLES `workflow_forms_auto_assignment_cf` WRITE;
/*!40000 ALTER TABLE `workflow_forms_auto_assignment_cf` DISABLE KEYS */;
/*!40000 ALTER TABLE `workflow_forms_auto_assignment_cf` ENABLE KEYS */;
UNLOCK TABLES;

--
-- Table structure for table `workflow_forms_auto_assignment_ef`
--

DROP TABLE IF EXISTS `workflow_forms_auto_assignment_ef`;
/*!40101 SET @saved_cs_client     = @@character_set_client */;
/*!40101 SET character_set_client = utf8 */;
CREATE TABLE `workflow_forms_auto_assignment_ef` (
  `id_task` int(11) NOT NULL DEFAULT '0',
  `position_form_question_file` int(11) NOT NULL DEFAULT '0',
  PRIMARY KEY (`id_task`,`position_form_question_file`)
) ENGINE=MyISAM DEFAULT CHARSET=utf8 COLLATE=utf8_unicode_ci;
/*!40101 SET character_set_client = @saved_cs_client */;

--
-- Dumping data for table `workflow_forms_auto_assignment_ef`
--

LOCK TABLES `workflow_forms_auto_assignment_ef` WRITE;
/*!40000 ALTER TABLE `workflow_forms_auto_assignment_ef` DISABLE KEYS */;
/*!40000 ALTER TABLE `workflow_forms_auto_assignment_ef` ENABLE KEYS */;
UNLOCK TABLES;

--
-- Table structure for table `workflow_icon`
--

DROP TABLE IF EXISTS `workflow_icon`;
/*!40101 SET @saved_cs_client     = @@character_set_client */;
/*!40101 SET character_set_client = utf8 */;
CREATE TABLE `workflow_icon` (
  `id_icon` int(11) NOT NULL AUTO_INCREMENT,
  `name` varchar(255) COLLATE utf8_unicode_ci DEFAULT NULL,
  `mime_type` varchar(50) COLLATE utf8_unicode_ci DEFAULT NULL,
  `file_value` mediumblob,
  `width` int(11) DEFAULT NULL,
  `height` int(11) DEFAULT NULL,
  PRIMARY KEY (`id_icon`)
) ENGINE=MyISAM AUTO_INCREMENT=4 DEFAULT CHARSET=utf8 COLLATE=utf8_unicode_ci;
/*!40101 SET character_set_client = @saved_cs_client */;

--
-- Dumping data for table `workflow_icon`
--

LOCK TABLES `workflow_icon` WRITE;
/*!40000 ALTER TABLE `workflow_icon` DISABLE KEYS */;
INSERT INTO `workflow_icon` VALUES (1,'Valider','image/png','PNG\r\n\Z\n\0\0\0\rIHDR\0\0\0\0\0\0\0\0\0ש\0\0PLTEӲ۳Ώwc}}}O~GqNNN\rʺïϭة֤գԴǧɋɣ}zxvrfb_]YXWUTyyywwwuuuN}sssLynnnItHsGr[htGlBjBi___@f]^^=b<`VY[<_~PZ`VVV5VtOOOKOR3Rn3Qk2Qm@LT:M^HHH<AC<?A)AX<<<1>I(=Q&<Q$:O\'9J&9I$7I,5;-01!2B&08,,,-=+:\'\'\'#(,%%%$$$(	S%\0\0\0tRNS\0@f\0\0\0IDATxc`Ffl\\bb\ZX$llKx90\rE)U/fUe⑺\Zu;yY|V&\ZS?Xu7ؒY6Z5pV;10r#fvcrΜƉdtgOtOX{J\05\nL\nTFq+Kz}Tm[BBE%R5тɮN$&RI2i	z,U!颈%ٛ\'Gp`:%v5Vi\0\0K+; \0\0\0\0IENDB`',14,14),(2,'Refuser','image/png','PNG\r\n\Z\n\0\0\0\rIHDR\0\0\0\0\0\0\0\0\0ש\0\0CPLTEL6;\":\"Ǵ;žxhqqqN7M7M6mmm;\";\";\"___;\";\";\";$9\"\\\\\\8!WWWTTT.NL<--ݍ}pp[o[raram[n^fScN_I~~~zzzcTxxxvvvVAR:ttt[JrrrnnnM6llljjjF/A)cccF2?\'?(=%;\">\'<$=&:\":#9\"9\"7 6 :&5!QQQ11/0//,&&>>>P3.;86e$F/*\\%50.W!B 9\";\Z&&&<N\rI$$$3A7\Z5.- ,.107%\Z&\Z/$(\n\"\r#%\n,!			Vo\0\0\0tRNS\0@f\0\0sIDATxc`.fcq1skA؁KqAfdr0پkS7K1%eY\nq00.4\r<ESK}F8xITYxxXflInLjW5讜;`Ndb7,*W \nw/+{%/j붩H^6Zkl!iw&\r5MzmVܜH>k\'l-nfGؑP٠ww(-kʛl\'[[efj.?%(Wb0PX%\"dY$LUV	Ab[]\'h\'ΊuPKEdUv#=lnN6Hc3qK\071P\0\0\0\0IENDB`',14,14),(3,'Commentaire','image/png','PNG\r\n\Z\n\0\0\0\rIHDR\0\0\0 \0\0\0 \0\0\0szz\0\0\0gAMA\0\0ܲ\0\0xIDATxŖMle͇\rd4!(@\"N8J{májHQR7j*=*U\n@|@LlކuL$\'1g<3>=D٬v~4yy\0g	nܿӧO<˲4-\0+xԩ߬۷x<M$	H$m:~]\0sիw:wuuvlA$IrH&xKKKQƘVl\"$I\\ ~Y	`lT(H7ʛ&es9f(SPJ511Ȱܹs޵kWH2dln	N@eq0Msj\rB!\\	xGNLb~dz>\Z qZ1ܹvhhvY\nP]Ws|ZK,}}\0c\\aQqp8]$Y=:244tƍI$Y\0,X\Z\Z:0\0iª }Ń[,ᘮ	ҥKWcŋutt?-,,cE?84\n\0\0Y `0=g޽{aؚۈn^Vd3<%	*\r	\0UU166v+=\0茱ONR]߽{Wo>=$a/PNxZY+]$!HеkFEf=<^z*\nٝNޞnW>($_ce~mðUUv`0\Z3\Z\0g<yX,x<(H*ҙҟ||(ٳg\0d^\"R%899exp?Q]U\"V\0/_\\}\0XuwRe<]nEqx/[׵}K9aKzF4\Z0ZPYo]yȮ. zlZ\'r`h͖7\nSL\0D߿oদ&:t@(\08\02,Rl6[T*EDDaa(\n]|DQ;vБ#G֭[DDd&iFQ>/[UURU2ݼy3\0$@gggK&0MݻGw&\0JW\\!UUIu4m#:@&!EQ\0Ԕ8{o,-//`3ě7ohpp\0L&CUUدi\ZI?ZZZ\0HΟ?sv;\0pI|>B$477j10 \"\0c@8sWD\0JΏNQ4ڣGΝ;)S*\"EQ(JQ8Y\0{i^1pZ~1	qፎ \"躎l69H0\0J\' kjjŋrC&cL$]0\"\"Z]]h4J<H$BDDǎ@?4$ɕBi9k&4^~t:@eF* \0.nb> QknwC{{{CgggM__V+\0`qqx<>_)އB?i7@Z?r\\n|X,O%\0\0\0h0@oz*M]<6H \0\0\0\0IENDB`',14,14);
/*!40000 ALTER TABLE `workflow_icon` ENABLE KEYS */;
UNLOCK TABLES;

--
-- Table structure for table `workflow_prerequisite`
--

DROP TABLE IF EXISTS `workflow_prerequisite`;
/*!40101 SET @saved_cs_client     = @@character_set_client */;
/*!40101 SET character_set_client = utf8 */;
CREATE TABLE `workflow_prerequisite` (
  `id_prerequisite` int(11) NOT NULL,
  `id_action` int(11) NOT NULL,
  `prerequisite_type` varchar(255) COLLATE utf8_unicode_ci NOT NULL,
  PRIMARY KEY (`id_prerequisite`)
) ENGINE=MyISAM DEFAULT CHARSET=utf8 COLLATE=utf8_unicode_ci;
/*!40101 SET character_set_client = @saved_cs_client */;

--
-- Dumping data for table `workflow_prerequisite`
--

LOCK TABLES `workflow_prerequisite` WRITE;
/*!40000 ALTER TABLE `workflow_prerequisite` DISABLE KEYS */;
/*!40000 ALTER TABLE `workflow_prerequisite` ENABLE KEYS */;
UNLOCK TABLES;

--
-- Table structure for table `workflow_prerequisite_duration_cf`
--

DROP TABLE IF EXISTS `workflow_prerequisite_duration_cf`;
/*!40101 SET @saved_cs_client     = @@character_set_client */;
/*!40101 SET character_set_client = utf8 */;
CREATE TABLE `workflow_prerequisite_duration_cf` (
  `id_prerequisite` int(11) NOT NULL,
  `duration` int(11) NOT NULL,
  PRIMARY KEY (`id_prerequisite`)
) ENGINE=MyISAM DEFAULT CHARSET=utf8 COLLATE=utf8_unicode_ci;
/*!40101 SET character_set_client = @saved_cs_client */;

--
-- Dumping data for table `workflow_prerequisite_duration_cf`
--

LOCK TABLES `workflow_prerequisite_duration_cf` WRITE;
/*!40000 ALTER TABLE `workflow_prerequisite_duration_cf` DISABLE KEYS */;
/*!40000 ALTER TABLE `workflow_prerequisite_duration_cf` ENABLE KEYS */;
UNLOCK TABLES;

--
-- Table structure for table `workflow_resource_history`
--

DROP TABLE IF EXISTS `workflow_resource_history`;
/*!40101 SET @saved_cs_client     = @@character_set_client */;
/*!40101 SET character_set_client = utf8 */;
CREATE TABLE `workflow_resource_history` (
  `id_history` int(11) NOT NULL AUTO_INCREMENT,
  `id_resource` int(11) DEFAULT NULL,
  `resource_type` varchar(255) COLLATE utf8_unicode_ci DEFAULT NULL,
  `id_workflow` int(11) DEFAULT NULL,
  `id_action` int(11) DEFAULT NULL,
  `creation_date` timestamp NOT NULL DEFAULT CURRENT_TIMESTAMP,
  `user_access_code` varchar(255) COLLATE utf8_unicode_ci DEFAULT NULL,
  PRIMARY KEY (`id_history`),
  KEY `history_id_workflow_fk` (`id_workflow`),
  KEY `history_id_action_fk` (`id_action`)
) ENGINE=MyISAM DEFAULT CHARSET=utf8 COLLATE=utf8_unicode_ci;
/*!40101 SET character_set_client = @saved_cs_client */;

--
-- Dumping data for table `workflow_resource_history`
--

LOCK TABLES `workflow_resource_history` WRITE;
/*!40000 ALTER TABLE `workflow_resource_history` DISABLE KEYS */;
/*!40000 ALTER TABLE `workflow_resource_history` ENABLE KEYS */;
UNLOCK TABLES;

--
-- Table structure for table `workflow_resource_workflow`
--

DROP TABLE IF EXISTS `workflow_resource_workflow`;
/*!40101 SET @saved_cs_client     = @@character_set_client */;
/*!40101 SET character_set_client = utf8 */;
CREATE TABLE `workflow_resource_workflow` (
  `id_resource` int(11) NOT NULL DEFAULT '0',
  `resource_type` varchar(255) COLLATE utf8_unicode_ci NOT NULL,
  `id_state` int(11) DEFAULT NULL,
  `id_workflow` int(11) NOT NULL,
  `id_external_parent` int(11) DEFAULT NULL,
  `is_associated_workgroups` smallint(6) DEFAULT '0',
  PRIMARY KEY (`id_resource`,`resource_type`,`id_workflow`),
  KEY `workflow_resource_workflow_id_resource_fk` (`id_resource`),
  KEY `workflow_resource_workflow_resource_type_fk` (`resource_type`),
  KEY `workflow_resource_workflow_id_workflow_fk` (`id_workflow`),
  KEY `fk_document_id_state` (`id_state`)
) ENGINE=MyISAM DEFAULT CHARSET=utf8 COLLATE=utf8_unicode_ci;
/*!40101 SET character_set_client = @saved_cs_client */;

--
-- Dumping data for table `workflow_resource_workflow`
--

LOCK TABLES `workflow_resource_workflow` WRITE;
/*!40000 ALTER TABLE `workflow_resource_workflow` DISABLE KEYS */;
INSERT INTO `workflow_resource_workflow` VALUES (1,'FORMS_FORM_RESPONSE',1,1,1,0);
/*!40000 ALTER TABLE `workflow_resource_workflow` ENABLE KEYS */;
UNLOCK TABLES;

--
-- Table structure for table `workflow_resource_workgroup`
--

DROP TABLE IF EXISTS `workflow_resource_workgroup`;
/*!40101 SET @saved_cs_client     = @@character_set_client */;
/*!40101 SET character_set_client = utf8 */;
CREATE TABLE `workflow_resource_workgroup` (
  `id_resource` int(11) NOT NULL DEFAULT '0',
  `resource_type` varchar(255) COLLATE utf8_unicode_ci DEFAULT NULL,
  `id_workflow` int(11) DEFAULT NULL,
  `workgroup_key` varchar(255) COLLATE utf8_unicode_ci DEFAULT NULL,
  KEY `workflow_resource_workgroup_id_resource_fk` (`id_resource`),
  KEY `workflow_resource_workgroup_resource_type_fk` (`resource_type`),
  KEY `workflow_resource_workgroup_id_workflow_fk` (`id_workflow`)
) ENGINE=MyISAM DEFAULT CHARSET=utf8 COLLATE=utf8_unicode_ci;
/*!40101 SET character_set_client = @saved_cs_client */;

--
-- Dumping data for table `workflow_resource_workgroup`
--

LOCK TABLES `workflow_resource_workgroup` WRITE;
/*!40000 ALTER TABLE `workflow_resource_workgroup` DISABLE KEYS */;
/*!40000 ALTER TABLE `workflow_resource_workgroup` ENABLE KEYS */;
UNLOCK TABLES;

--
-- Table structure for table `workflow_state`
--

DROP TABLE IF EXISTS `workflow_state`;
/*!40101 SET @saved_cs_client     = @@character_set_client */;
/*!40101 SET character_set_client = utf8 */;
CREATE TABLE `workflow_state` (
  `id_state` int(11) NOT NULL AUTO_INCREMENT,
  `name` varchar(255) COLLATE utf8_unicode_ci DEFAULT NULL,
  `description` mediumtext COLLATE utf8_unicode_ci,
  `id_workflow` int(11) DEFAULT NULL,
  `is_initial_state` smallint(6) DEFAULT '0',
  `is_required_workgroup_assigned` smallint(6) DEFAULT '0',
  `id_icon` int(11) DEFAULT NULL,
  `display_order` int(11) DEFAULT '0',
  PRIMARY KEY (`id_state`),
  KEY `fk_state_id_workflow` (`id_workflow`)
) ENGINE=MyISAM AUTO_INCREMENT=4 DEFAULT CHARSET=utf8 COLLATE=utf8_unicode_ci;
/*!40101 SET character_set_client = @saved_cs_client */;

--
-- Dumping data for table `workflow_state`
--

LOCK TABLES `workflow_state` WRITE;
/*!40000 ALTER TABLE `workflow_state` DISABLE KEYS */;
INSERT INTO `workflow_state` VALUES (1,'Transmis','Test',1,1,0,3,1),(2,'Validé','Test',1,0,0,1,2),(3,'Refusé','test',1,0,0,2,3);
/*!40000 ALTER TABLE `workflow_state` ENABLE KEYS */;
UNLOCK TABLES;

--
-- Table structure for table `workflow_task`
--

DROP TABLE IF EXISTS `workflow_task`;
/*!40101 SET @saved_cs_client     = @@character_set_client */;
/*!40101 SET character_set_client = utf8 */;
CREATE TABLE `workflow_task` (
  `id_task` int(11) NOT NULL AUTO_INCREMENT,
  `task_type_key` varchar(50) COLLATE utf8_unicode_ci DEFAULT NULL,
  `id_action` int(11) NOT NULL DEFAULT '0',
  `display_order` int(11) DEFAULT '0',
  PRIMARY KEY (`id_task`),
  KEY `task_id_action_fk` (`id_action`)
) ENGINE=MyISAM DEFAULT CHARSET=utf8 COLLATE=utf8_unicode_ci;
/*!40101 SET character_set_client = @saved_cs_client */;

--
-- Dumping data for table `workflow_task`
--

LOCK TABLES `workflow_task` WRITE;
/*!40000 ALTER TABLE `workflow_task` DISABLE KEYS */;
/*!40000 ALTER TABLE `workflow_task` ENABLE KEYS */;
UNLOCK TABLES;

--
-- Table structure for table `workflow_task_assignment_cf`
--

DROP TABLE IF EXISTS `workflow_task_assignment_cf`;
/*!40101 SET @saved_cs_client     = @@character_set_client */;
/*!40101 SET character_set_client = utf8 */;
CREATE TABLE `workflow_task_assignment_cf` (
  `id_task` int(11) NOT NULL DEFAULT '0',
  `title` varchar(255) COLLATE utf8_unicode_ci DEFAULT NULL,
  `is_multiple_owner` smallint(6) DEFAULT '0',
  `is_notify` smallint(6) DEFAULT '0',
  `message` varchar(255) COLLATE utf8_unicode_ci DEFAULT NULL,
  `subject` varchar(45) COLLATE utf8_unicode_ci DEFAULT NULL,
  `is_use_user_name` smallint(6) DEFAULT '0',
  PRIMARY KEY (`id_task`)
) ENGINE=MyISAM DEFAULT CHARSET=utf8 COLLATE=utf8_unicode_ci;
/*!40101 SET character_set_client = @saved_cs_client */;

--
-- Dumping data for table `workflow_task_assignment_cf`
--

LOCK TABLES `workflow_task_assignment_cf` WRITE;
/*!40000 ALTER TABLE `workflow_task_assignment_cf` DISABLE KEYS */;
/*!40000 ALTER TABLE `workflow_task_assignment_cf` ENABLE KEYS */;
UNLOCK TABLES;

--
-- Table structure for table `workflow_task_comment_config`
--

DROP TABLE IF EXISTS `workflow_task_comment_config`;
/*!40101 SET @saved_cs_client     = @@character_set_client */;
/*!40101 SET character_set_client = utf8 */;
CREATE TABLE `workflow_task_comment_config` (
  `id_task` int(11) NOT NULL DEFAULT '0',
  `title` varchar(255) COLLATE utf8_unicode_ci DEFAULT NULL,
  `is_mandatory` smallint(6) DEFAULT '0',
  `is_richtext` smallint(6) DEFAULT '0',
  PRIMARY KEY (`id_task`)
) ENGINE=MyISAM DEFAULT CHARSET=utf8 COLLATE=utf8_unicode_ci;
/*!40101 SET character_set_client = @saved_cs_client */;

--
-- Dumping data for table `workflow_task_comment_config`
--

LOCK TABLES `workflow_task_comment_config` WRITE;
/*!40000 ALTER TABLE `workflow_task_comment_config` DISABLE KEYS */;
/*!40000 ALTER TABLE `workflow_task_comment_config` ENABLE KEYS */;
UNLOCK TABLES;

--
-- Table structure for table `workflow_task_comment_value`
--

DROP TABLE IF EXISTS `workflow_task_comment_value`;
/*!40101 SET @saved_cs_client     = @@character_set_client */;
/*!40101 SET character_set_client = utf8 */;
CREATE TABLE `workflow_task_comment_value` (
  `id_history` int(11) NOT NULL DEFAULT '0',
  `id_task` int(11) NOT NULL,
  `comment_value` mediumtext COLLATE utf8_unicode_ci,
  PRIMARY KEY (`id_history`,`id_task`),
  KEY `comment_value_id_history_fk` (`id_history`),
  KEY `comment_value_id_task_fk` (`id_task`)
) ENGINE=MyISAM DEFAULT CHARSET=utf8 COLLATE=utf8_unicode_ci;
/*!40101 SET character_set_client = @saved_cs_client */;

--
-- Dumping data for table `workflow_task_comment_value`
--

LOCK TABLES `workflow_task_comment_value` WRITE;
/*!40000 ALTER TABLE `workflow_task_comment_value` DISABLE KEYS */;
/*!40000 ALTER TABLE `workflow_task_comment_value` ENABLE KEYS */;
UNLOCK TABLES;

--
-- Table structure for table `workflow_task_forms_editresponse_history`
--

DROP TABLE IF EXISTS `workflow_task_forms_editresponse_history`;
/*!40101 SET @saved_cs_client     = @@character_set_client */;
/*!40101 SET character_set_client = utf8 */;
CREATE TABLE `workflow_task_forms_editresponse_history` (
  `id_history` int(11) NOT NULL DEFAULT '0',
  `id_task` int(11) NOT NULL DEFAULT '0',
  `id_question` int(11) NOT NULL DEFAULT '0',
  `iteration_number` int(11) NOT NULL DEFAULT '0',
  `previous_value` mediumtext COLLATE utf8_unicode_ci,
  `new_value` mediumtext COLLATE utf8_unicode_ci,
  PRIMARY KEY (`id_history`,`id_task`,`id_question`,`iteration_number`)
) ENGINE=MyISAM DEFAULT CHARSET=utf8 COLLATE=utf8_unicode_ci;
/*!40101 SET character_set_client = @saved_cs_client */;

--
-- Dumping data for table `workflow_task_forms_editresponse_history`
--

LOCK TABLES `workflow_task_forms_editresponse_history` WRITE;
/*!40000 ALTER TABLE `workflow_task_forms_editresponse_history` DISABLE KEYS */;
/*!40000 ALTER TABLE `workflow_task_forms_editresponse_history` ENABLE KEYS */;
UNLOCK TABLES;

--
-- Table structure for table `workflow_task_notification_cf`
--

DROP TABLE IF EXISTS `workflow_task_notification_cf`;
/*!40101 SET @saved_cs_client     = @@character_set_client */;
/*!40101 SET character_set_client = utf8 */;
CREATE TABLE `workflow_task_notification_cf` (
  `id_task` int(11) NOT NULL DEFAULT '0',
  `id_mailing_list` int(11) DEFAULT NULL,
  `sender_name` varchar(255) COLLATE utf8_unicode_ci DEFAULT NULL,
  `subject` varchar(255) COLLATE utf8_unicode_ci DEFAULT NULL,
  `message` mediumtext COLLATE utf8_unicode_ci,
  PRIMARY KEY (`id_task`)
) ENGINE=MyISAM DEFAULT CHARSET=utf8 COLLATE=utf8_unicode_ci;
/*!40101 SET character_set_client = @saved_cs_client */;

--
-- Dumping data for table `workflow_task_notification_cf`
--

LOCK TABLES `workflow_task_notification_cf` WRITE;
/*!40000 ALTER TABLE `workflow_task_notification_cf` DISABLE KEYS */;
/*!40000 ALTER TABLE `workflow_task_notification_cf` ENABLE KEYS */;
UNLOCK TABLES;

--
-- Table structure for table `workflow_workflow`
--

DROP TABLE IF EXISTS `workflow_workflow`;
/*!40101 SET @saved_cs_client     = @@character_set_client */;
/*!40101 SET character_set_client = utf8 */;
CREATE TABLE `workflow_workflow` (
  `id_workflow` int(11) NOT NULL AUTO_INCREMENT,
  `name` varchar(255) COLLATE utf8_unicode_ci DEFAULT NULL,
  `description` mediumtext COLLATE utf8_unicode_ci,
  `creation_date` timestamp NOT NULL DEFAULT CURRENT_TIMESTAMP,
  `is_enabled` smallint(6) DEFAULT '0',
  `workgroup_key` varchar(255) COLLATE utf8_unicode_ci DEFAULT NULL,
  PRIMARY KEY (`id_workflow`)
) ENGINE=MyISAM AUTO_INCREMENT=2 DEFAULT CHARSET=utf8 COLLATE=utf8_unicode_ci;
/*!40101 SET character_set_client = @saved_cs_client */;

--
-- Dumping data for table `workflow_workflow`
--

LOCK TABLES `workflow_workflow` WRITE;
/*!40000 ALTER TABLE `workflow_workflow` DISABLE KEYS */;
INSERT INTO `workflow_workflow` VALUES (1,'workflow test','Test','2019-02-07 15:41:19',1,'all');
/*!40000 ALTER TABLE `workflow_workflow` ENABLE KEYS */;
UNLOCK TABLES;

--
-- Table structure for table `workflow_workgroup_cf`
--

DROP TABLE IF EXISTS `workflow_workgroup_cf`;
/*!40101 SET @saved_cs_client     = @@character_set_client */;
/*!40101 SET character_set_client = utf8 */;
CREATE TABLE `workflow_workgroup_cf` (
  `id_task` int(11) NOT NULL DEFAULT '0',
  `workgroup_key` varchar(255) COLLATE utf8_unicode_ci NOT NULL,
  `id_mailing_list` int(11) DEFAULT NULL,
  PRIMARY KEY (`id_task`,`workgroup_key`)
) ENGINE=MyISAM DEFAULT CHARSET=utf8 COLLATE=utf8_unicode_ci;
/*!40101 SET character_set_client = @saved_cs_client */;

--
-- Dumping data for table `workflow_workgroup_cf`
--

LOCK TABLES `workflow_workgroup_cf` WRITE;
/*!40000 ALTER TABLE `workflow_workgroup_cf` DISABLE KEYS */;
/*!40000 ALTER TABLE `workflow_workgroup_cf` ENABLE KEYS */;
UNLOCK TABLES;

--
-- Dumping events for database 'lutece_forms_demo'
--

--
-- Dumping routines for database 'lutece_forms_demo'
--
/*!40103 SET TIME_ZONE=@OLD_TIME_ZONE */;

/*!40101 SET SQL_MODE=@OLD_SQL_MODE */;
/*!40014 SET FOREIGN_KEY_CHECKS=@OLD_FOREIGN_KEY_CHECKS */;
/*!40014 SET UNIQUE_CHECKS=@OLD_UNIQUE_CHECKS */;
/*!40101 SET CHARACTER_SET_CLIENT=@OLD_CHARACTER_SET_CLIENT */;
/*!40101 SET CHARACTER_SET_RESULTS=@OLD_CHARACTER_SET_RESULTS */;
/*!40101 SET COLLATION_CONNECTION=@OLD_COLLATION_CONNECTION */;
/*!40111 SET SQL_NOTES=@OLD_SQL_NOTES */;

-- Dump completed on 2019-02-08 11:05:03
